-- phpMyAdmin SQL Dump
-- version 4.1.6
-- http://www.phpmyadmin.net
--
-- Host: 127.0.0.1
-- Generation Time: Feb 06, 2015 at 12:20 PM
-- Server version: 5.6.16
-- PHP Version: 5.5.9

SET SQL_MODE = "NO_AUTO_VALUE_ON_ZERO";
SET time_zone = "+00:00";


/*!40101 SET @OLD_CHARACTER_SET_CLIENT=@@CHARACTER_SET_CLIENT */;
/*!40101 SET @OLD_CHARACTER_SET_RESULTS=@@CHARACTER_SET_RESULTS */;
/*!40101 SET @OLD_COLLATION_CONNECTION=@@COLLATION_CONNECTION */;
/*!40101 SET NAMES utf8 */;

--
-- Database: `campaign`
--

-- --------------------------------------------------------

--
-- Table structure for table `bp_info`
--

CREATE TABLE IF NOT EXISTS `bp_info` (
  `id` int(10) unsigned NOT NULL AUTO_INCREMENT,
  `region` varchar(30) COLLATE utf8_unicode_ci NOT NULL,
  `district` varchar(30) COLLATE utf8_unicode_ci NOT NULL,
  `team` varchar(5) COLLATE utf8_unicode_ci NOT NULL,
  `lsa_code` varchar(20) COLLATE utf8_unicode_ci NOT NULL,
  `name` varchar(50) COLLATE utf8_unicode_ci NOT NULL,
  `mobile` varchar(15) COLLATE utf8_unicode_ci NOT NULL,
  `created_at` timestamp NOT NULL DEFAULT CURRENT_TIMESTAMP ON UPDATE CURRENT_TIMESTAMP,
  `updated_at` timestamp NOT NULL DEFAULT '0000-00-00 00:00:00',
  PRIMARY KEY (`id`)
) ENGINE=InnoDB  DEFAULT CHARSET=utf8 COLLATE=utf8_unicode_ci AUTO_INCREMENT=101 ;

--
-- Dumping data for table `bp_info`
--

INSERT INTO `bp_info` (`id`, `region`, `district`, `team`, `lsa_code`, `name`, `mobile`, `created_at`, `updated_at`) VALUES
(1, 'Patuakhali Metro', 'Patuakhali', 'H', 'PMH0001', 'Dr. Howard Witting', '0197052014', '2015-02-05 04:13:47', '0000-00-00 00:00:00'),
(2, 'Khagrachari Outer', 'Khagrachari', 'T', 'KOT0002', 'Tomas Baumbach', '0194354253', '2015-02-05 04:13:47', '0000-00-00 00:00:00'),
(3, 'Netrokona Metro', 'Netrokona', 'A', 'NMA0003', 'Waldo Jones', '0193452928', '2015-02-05 04:13:47', '0000-00-00 00:00:00'),
(4, 'Khulna Outer', 'Khulna', 'O', 'KOO0004', 'Jovanny Ryan', '0196487829', '2015-02-05 04:13:47', '0000-00-00 00:00:00'),
(5, 'Jessore Outer', 'Jessore', 'B', 'JOB0005', 'Mrs. Bella Daniel', '0199412911', '2015-02-05 04:13:47', '0000-00-00 00:00:00'),
(6, 'Chandpur Metro', 'Chandpur', 'W', 'CMW0006', 'Jessie Muller', '0191469853', '2015-02-05 04:13:47', '0000-00-00 00:00:00'),
(7, 'Kushtia Outer', 'Kushtia', 'Y', 'KOY0007', 'Odell Gutkowski', '0198866412', '2015-02-05 04:13:47', '0000-00-00 00:00:00'),
(8, 'Shariatpur Metro', 'Shariatpur', 'I', 'SMI0008', 'Kayley Will', '0197068485', '2015-02-05 04:13:48', '0000-00-00 00:00:00'),
(9, 'Gazipur Outer', 'Gazipur', 'Y', 'GOY0009', 'Ms. Maribel Murazik', '0194957722', '2015-02-05 04:13:48', '0000-00-00 00:00:00'),
(10, 'Tangail Metro', 'Tangail', 'N', 'TMN0010', 'Orrin Kilback', '0191398542', '2015-02-05 04:13:48', '0000-00-00 00:00:00'),
(11, 'Pirojpur Metro', 'Pirojpur', 'E', 'PME0011', 'Albert Bode', '0196618611', '2015-02-05 04:13:48', '0000-00-00 00:00:00'),
(12, 'Shariatpur Metro', 'Shariatpur', 'J', 'SMJ0012', 'Jaiden Greenfelder IV', '0198190548', '2015-02-05 04:13:48', '0000-00-00 00:00:00'),
(13, 'Brahmanbaria Metro', 'Brahmanbaria', 'U', 'BMU0013', 'Deanna Rowe', '0194919064', '2015-02-05 04:13:48', '0000-00-00 00:00:00'),
(14, 'Pabna Outer', 'Pabna', 'W', 'POW0014', 'Mafalda Corkery', '0197833401', '2015-02-05 04:13:48', '0000-00-00 00:00:00'),
(15, 'Chittagong Outer', 'Chittagong', 'X', 'COX0015', 'Zane Langworth', '019388312', '2015-02-05 04:13:48', '0000-00-00 00:00:00'),
(16, 'Chuadanga Outer', 'Chuadanga', 'W', 'COW0016', 'Trevion Bins', '0193639652', '2015-02-05 04:13:48', '0000-00-00 00:00:00'),
(17, 'Gaibandha Metro', 'Gaibandha', 'T', 'GMT0017', 'Cristobal Crooks PhD', '0197523125', '2015-02-05 04:13:48', '0000-00-00 00:00:00'),
(18, 'Comilla Metro', 'Comilla', 'L', 'CML0018', 'Lurline Nikolaus DVM', '0194072344', '2015-02-05 04:13:48', '0000-00-00 00:00:00'),
(19, 'Sunamganj Metro', 'Sunamganj', 'N', 'SMN0019', 'Chelsie Veum', '0192160602', '2015-02-05 04:13:48', '0000-00-00 00:00:00'),
(20, 'Gaibandha Metro', 'Gaibandha', 'X', 'GMX0020', 'Emerson Will MD', '0198640168', '2015-02-05 04:13:48', '0000-00-00 00:00:00'),
(21, 'Dhaka Outer', 'Dhaka', 'L', 'DOL0021', 'Aliza McClure III', '0197718742', '2015-02-05 04:13:48', '0000-00-00 00:00:00'),
(22, 'Kishoreganj Metro', 'Kishoreganj', 'P', 'KMP0022', 'Maiya McGlynn', '019842630', '2015-02-05 04:13:48', '0000-00-00 00:00:00'),
(23, 'Magura Outer', 'Magura', 'P', 'MOP0023', 'Andy Hudson', '0195767948', '2015-02-05 04:13:48', '0000-00-00 00:00:00'),
(24, 'Chittagong Metro', 'Chittagong', 'K', 'CMK0024', 'Ezekiel Hodkiewicz III', '0197154211', '2015-02-05 04:13:48', '0000-00-00 00:00:00'),
(25, 'Tangail Metro', 'Tangail', 'X', 'TMX0025', 'Hank Baumbach', '0197751467', '2015-02-05 04:13:48', '0000-00-00 00:00:00'),
(26, 'Netrokona Metro', 'Netrokona', 'Z', 'NMZ0026', 'Percival Upton', '0196237276', '2015-02-05 04:13:48', '0000-00-00 00:00:00'),
(27, 'Cox''s Bazar Metro', 'Cox''s Bazar', 'T', 'CMT0027', 'Prof. Magnolia Christiansen III', '0195340612', '2015-02-05 04:13:48', '0000-00-00 00:00:00'),
(28, 'Chittagong Metro', 'Chittagong', 'C', 'CMC0028', 'Julianne Grady', '0192588333', '2015-02-05 04:13:48', '0000-00-00 00:00:00'),
(29, 'Kurigram Outer', 'Kurigram', 'P', 'KOP0029', 'Prof. Elton Schuppe', '0193874485', '2015-02-05 04:13:48', '0000-00-00 00:00:00'),
(30, 'Naogaon Metro', 'Naogaon', 'Q', 'NMQ0030', 'Prof. Marjolaine Gulgowski', '0191006847', '2015-02-05 04:13:48', '0000-00-00 00:00:00'),
(31, 'Chittagong Outer', 'Chittagong', 'V', 'COV0031', 'Rylan Ferry', '0193164951', '2015-02-05 04:13:48', '0000-00-00 00:00:00'),
(32, 'Rajshahi Outer', 'Rajshahi', 'V', 'ROV0032', 'Joannie Larson', '0197189752', '2015-02-05 04:13:48', '0000-00-00 00:00:00'),
(33, 'Bandarban Metro', 'Bandarban', 'P', 'BMP0033', 'Willa Gaylord', '0197522376', '2015-02-05 04:13:48', '0000-00-00 00:00:00'),
(34, 'Panchagarh Outer', 'Panchagarh', 'Q', 'POQ0034', 'Kiley Wunsch', '0191942042', '2015-02-05 04:13:48', '0000-00-00 00:00:00'),
(35, 'Jhenaidah Outer', 'Jhenaidah', 'D', 'JOD0035', 'Collin Kemmer', '0195239543', '2015-02-05 04:13:48', '0000-00-00 00:00:00'),
(36, 'Noakhali Outer', 'Noakhali', 'Z', 'NOZ0036', 'Marlon Hagenes DDS', '0195339266', '2015-02-05 04:13:48', '0000-00-00 00:00:00'),
(37, 'Jhalokati Outer', 'Jhalokati', 'Z', 'JOZ0037', 'Arely Mitchell', '0194018169', '2015-02-05 04:13:49', '0000-00-00 00:00:00'),
(38, 'Jessore Outer', 'Jessore', 'E', 'JOE0038', 'Ms. Roma Zulauf MD', '0197813975', '2015-02-05 04:13:49', '0000-00-00 00:00:00'),
(39, 'Chittagong Outer', 'Chittagong', 'V', 'COV0039', 'Dr. Arianna Brakus PhD', '0194949097', '2015-02-05 04:13:49', '0000-00-00 00:00:00'),
(40, 'Dinajpur Metro', 'Dinajpur', 'Q', 'DMQ0040', 'Mr. Edd Wehner', '0196572248', '2015-02-05 04:13:49', '0000-00-00 00:00:00'),
(41, 'Sylhet Metro', 'Sylhet', 'D', 'SMD0041', 'Miss Jayda Lebsack', '0191235492', '2015-02-05 04:13:49', '0000-00-00 00:00:00'),
(42, 'Habiganj Outer', 'Habiganj', 'U', 'HOU0042', 'Prof. Miles Frami', '0192111779', '2015-02-05 04:13:49', '0000-00-00 00:00:00'),
(43, 'Tangail Metro', 'Tangail', 'K', 'TMK0043', 'Rico Schuppe', '0192808556', '2015-02-05 04:13:49', '0000-00-00 00:00:00'),
(44, 'Pabna Outer', 'Pabna', 'A', 'POA0044', 'Joana Rempel', '0199808428', '2015-02-05 04:13:49', '0000-00-00 00:00:00'),
(45, 'Chittagong Outer', 'Chittagong', 'C', 'COC0045', 'Larue Cole Jr.', '01967810', '2015-02-05 04:13:49', '0000-00-00 00:00:00'),
(46, 'Chittagong Metro', 'Chittagong', 'H', 'CMH0046', 'Barry Stokes', '0191350219', '2015-02-05 04:13:49', '0000-00-00 00:00:00'),
(47, 'Habiganj Metro', 'Habiganj', 'V', 'HMV0047', 'Catalina Gislason', '0194624108', '2015-02-05 04:13:49', '0000-00-00 00:00:00'),
(48, 'Dhaka Outer', 'Dhaka', 'J', 'DOJ0048', 'Floy Becker', '0196723248', '2015-02-05 04:13:49', '0000-00-00 00:00:00'),
(49, 'Sylhet Outer', 'Sylhet', 'B', 'SOB0049', 'Myriam Hickle', '019393418', '2015-02-05 04:13:49', '0000-00-00 00:00:00'),
(50, 'Dhaka Metro', 'Dhaka', 'N', 'DMN0050', 'Dr. Margot Brakus', '0198551226', '2015-02-05 04:13:49', '0000-00-00 00:00:00'),
(51, 'Khulna Metro', 'Khulna', 'S', 'KMS0051', 'Rhoda Lueilwitz IV', '0193868760', '2015-02-05 04:13:49', '0000-00-00 00:00:00'),
(52, 'Lalmonirhat Outer', 'Lalmonirhat', 'Y', 'LOY0052', 'Aiden Purdy DVM', '0195768021', '2015-02-05 04:13:49', '0000-00-00 00:00:00'),
(53, 'Comilla Outer', 'Comilla', 'G', 'COG0053', 'Dr. Baby Hegmann Jr.', '0198424657', '2015-02-05 04:13:49', '0000-00-00 00:00:00'),
(54, 'Sirajganj Outer', 'Sirajganj', 'E', 'SOE0054', 'Virgil Gulgowski', '0192154655', '2015-02-05 04:13:49', '0000-00-00 00:00:00'),
(55, 'Rangamati Outer', 'Rangamati', 'H', 'ROH0055', 'Mrs. Leanne Thiel V', '019378283', '2015-02-05 04:13:49', '0000-00-00 00:00:00'),
(56, 'Mymensingh Metro', 'Mymensingh', 'H', 'MMH0056', 'Dr. Toney Hoppe', '0199090816', '2015-02-05 04:13:49', '0000-00-00 00:00:00'),
(57, 'Moulvibazar Outer', 'Moulvibazar', 'I', 'MOI0057', 'Dr. Noe Abshire', '0195487747', '2015-02-05 04:13:49', '0000-00-00 00:00:00'),
(58, 'Kushtia Outer', 'Kushtia', 'H', 'KOH0058', 'Mr. Edwardo Powlowski I', '0196103925', '2015-02-05 04:13:49', '0000-00-00 00:00:00'),
(59, 'Chittagong Metro', 'Chittagong', 'W', 'CMW0059', 'Nathanael Lindgren', '0193535747', '2015-02-05 04:13:49', '0000-00-00 00:00:00'),
(60, 'Sunamganj Metro', 'Sunamganj', 'Y', 'SMY0060', 'Soledad Huel', '0198495613', '2015-02-05 04:13:49', '0000-00-00 00:00:00'),
(61, 'Pirojpur Metro', 'Pirojpur', 'J', 'PMJ0061', 'Maci Marquardt PhD', '0198795155', '2015-02-05 04:13:49', '0000-00-00 00:00:00'),
(62, 'Dhaka Metro', 'Dhaka', 'L', 'DML0062', 'Janick Prohaska', '0196968264', '2015-02-05 04:13:49', '0000-00-00 00:00:00'),
(63, 'Barguna Metro', 'Barguna', 'R', 'BMR0063', 'Genevieve Waters', '0194142706', '2015-02-05 04:13:49', '0000-00-00 00:00:00'),
(64, 'Dhaka Metro', 'Dhaka', 'A', 'DMA0064', 'Emie Romaguera', '019242782', '2015-02-05 04:13:49', '0000-00-00 00:00:00'),
(65, 'Barisal Outer', 'Barisal', 'F', 'BOF0065', 'Juana Hermann', '0197846033', '2015-02-05 04:13:49', '0000-00-00 00:00:00'),
(66, 'Munshiganj Outer', 'Munshiganj', 'U', 'MOU0066', 'Ollie Mertz', '0192192965', '2015-02-05 04:13:50', '0000-00-00 00:00:00'),
(67, 'Lalmonirhat Metro', 'Lalmonirhat', 'W', 'LMW0067', 'Cathryn Tremblay PhD', '019722986', '2015-02-05 04:13:50', '0000-00-00 00:00:00'),
(68, 'Barisal Metro', 'Barisal', 'V', 'BMV0068', 'Pearlie Bogisich', '0198634694', '2015-02-05 04:13:50', '0000-00-00 00:00:00'),
(69, 'Bhola Outer', 'Bhola', 'E', 'BOE0069', 'Ms. Jewell Wolf DDS', '0191003774', '2015-02-05 04:13:50', '0000-00-00 00:00:00'),
(70, 'Mymensingh Metro', 'Mymensingh', 'N', 'MMN0070', 'Prof. Gina Streich', '019253749', '2015-02-05 04:13:50', '0000-00-00 00:00:00'),
(71, 'Nilphamari Outer', 'Nilphamari', 'E', 'NOE0071', 'Imelda Wiegand', '0195486725', '2015-02-05 04:13:50', '0000-00-00 00:00:00'),
(72, 'Sherpur Outer', 'Sherpur', 'K', 'SOK0072', 'Arnaldo Harber', '0195165526', '2015-02-05 04:13:50', '0000-00-00 00:00:00'),
(73, 'Meherpur Metro', 'Meherpur', 'V', 'MMV0073', 'Ms. Jakayla Jacobs PhD', '0193146482', '2015-02-05 04:13:50', '0000-00-00 00:00:00'),
(74, 'Chandpur Metro', 'Chandpur', 'Q', 'CMQ0074', 'Annetta Torphy', '0197452441', '2015-02-05 04:13:50', '0000-00-00 00:00:00'),
(75, 'Noakhali Outer', 'Noakhali', 'E', 'NOE0075', 'Dr. Evert Kohler', '0196385070', '2015-02-05 04:13:50', '0000-00-00 00:00:00'),
(76, 'Rangpur Outer', 'Rangpur', 'H', 'ROH0076', 'Mr. Lucio Schiller', '0197859923', '2015-02-05 04:13:50', '0000-00-00 00:00:00'),
(77, 'Dhaka Metro', 'Dhaka', 'U', 'DMU0077', 'Dominic O''Connell', '019611700', '2015-02-05 04:13:50', '0000-00-00 00:00:00'),
(78, 'Jessore Metro', 'Jessore', 'R', 'JMR0078', 'Ms. Bridgette Kuvalis IV', '0197126024', '2015-02-05 04:13:50', '0000-00-00 00:00:00'),
(79, 'Sylhet Metro', 'Sylhet', 'F', 'SMF0079', 'Reyna Dibbert', '019477740', '2015-02-05 04:13:50', '0000-00-00 00:00:00'),
(80, 'Patuakhali Metro', 'Patuakhali', 'N', 'PMN0080', 'Mrs. Margarette Green Jr.', '0199695758', '2015-02-05 04:13:50', '0000-00-00 00:00:00'),
(81, 'Chandpur Outer', 'Chandpur', 'L', 'COL0081', 'Mr. Sigurd Muller', '0196898302', '2015-02-05 04:13:50', '0000-00-00 00:00:00'),
(82, 'Kushtia Metro', 'Kushtia', 'H', 'KMH0082', 'Dr. Sabina Gerlach', '0194969402', '2015-02-05 04:13:50', '0000-00-00 00:00:00'),
(83, 'Netrokona Metro', 'Netrokona', 'L', 'NML0083', 'Noe Shanahan', '0194384626', '2015-02-05 04:13:50', '0000-00-00 00:00:00'),
(84, 'Dhaka Metro', 'Dhaka', 'L', 'DML0084', 'Justus Dickens', '0192990122', '2015-02-05 04:13:50', '0000-00-00 00:00:00'),
(85, 'Rangamati Metro', 'Rangamati', 'J', 'RMJ0085', 'Benjamin Conn', '0199696770', '2015-02-05 04:13:50', '0000-00-00 00:00:00'),
(86, 'Manikganj Metro', 'Manikganj', 'C', 'MMC0086', 'Mrs. Hertha Kuhn II', '0194680659', '2015-02-05 04:13:50', '0000-00-00 00:00:00'),
(87, 'Barisal Metro', 'Barisal', 'K', 'BMK0087', 'Jordane Grimes DDS', '0193205897', '2015-02-05 04:13:50', '0000-00-00 00:00:00'),
(88, 'Dhaka Outer', 'Dhaka', 'E', 'DOE0088', 'Mrs. Zelma Mueller III', '0193187541', '2015-02-05 04:13:50', '0000-00-00 00:00:00'),
(89, 'Bogra Metro', 'Bogra', 'N', 'BMN0089', 'Bernita McLaughlin', '0194121466', '2015-02-05 04:13:50', '0000-00-00 00:00:00'),
(90, 'Dhaka Metro', 'Dhaka', 'U', 'DMU0090', 'Mrs. Dora Dibbert', '0197765426', '2015-02-05 04:13:50', '0000-00-00 00:00:00'),
(91, 'Dhaka Outer', 'Dhaka', 'N', 'DON0091', 'Ms. Brandi Kozey MD', '0193983077', '2015-02-05 04:13:50', '0000-00-00 00:00:00'),
(92, 'Sirajganj Outer', 'Sirajganj', 'F', 'SOF0092', 'Danial Grady', '0198513854', '2015-02-05 04:13:50', '0000-00-00 00:00:00'),
(93, 'Bandarban Outer', 'Bandarban', 'O', 'BOO0093', 'Flavie O''Hara', '0199741311', '2015-02-05 04:13:51', '0000-00-00 00:00:00'),
(94, 'Dhaka Metro', 'Dhaka', 'C', 'DMC0094', 'Shannon Gaylord I', '0192529589', '2015-02-05 04:13:51', '0000-00-00 00:00:00'),
(95, 'Chittagong Metro', 'Chittagong', 'D', 'CMD0095', 'Gina Renner', '0199291039', '2015-02-05 04:13:51', '0000-00-00 00:00:00'),
(96, 'Dinajpur Outer', 'Dinajpur', 'P', 'DOP0096', 'Ms. Chaya O''Keefe', '0195395718', '2015-02-05 04:13:51', '0000-00-00 00:00:00'),
(97, 'Dinajpur Outer', 'Dinajpur', 'C', 'DOC0097', 'Shawna Feeney V', '019705741', '2015-02-05 04:13:51', '0000-00-00 00:00:00'),
(98, 'Dhaka Outer', 'Dhaka', 'S', 'DOS0098', 'Prof. Ethelyn Ortiz', '0191373164', '2015-02-05 04:13:51', '0000-00-00 00:00:00'),
(99, 'Natore Metro', 'Natore', 'Q', 'NMQ0099', 'Ima Kovacek', '0193572064', '2015-02-05 04:13:51', '0000-00-00 00:00:00'),
(100, 'Comilla Outer', 'Comilla', 'S', 'COS0100', 'Mr. Brando Schoen Jr.', '0191788475', '2015-02-05 04:13:51', '0000-00-00 00:00:00');

-- --------------------------------------------------------

--
-- Table structure for table `coupon`
--

CREATE TABLE IF NOT EXISTS `coupon` (
  `id` int(10) unsigned NOT NULL AUTO_INCREMENT,
  `coupon_code` varchar(50) COLLATE utf8_unicode_ci NOT NULL,
  `created_at` timestamp NOT NULL DEFAULT CURRENT_TIMESTAMP ON UPDATE CURRENT_TIMESTAMP,
  `updated_at` timestamp NOT NULL DEFAULT '0000-00-00 00:00:00',
  PRIMARY KEY (`id`)
) ENGINE=InnoDB  DEFAULT CHARSET=utf8 COLLATE=utf8_unicode_ci AUTO_INCREMENT=101 ;

--
-- Dumping data for table `coupon`
--

INSERT INTO `coupon` (`id`, `coupon_code`, `created_at`, `updated_at`) VALUES
(1, '12938792', '2015-02-05 04:13:51', '0000-00-00 00:00:00'),
(2, '40229999', '2015-02-05 04:13:51', '0000-00-00 00:00:00'),
(3, '99038084', '2015-02-05 04:13:51', '0000-00-00 00:00:00'),
(4, '89434266', '2015-02-05 04:13:51', '0000-00-00 00:00:00'),
(5, '3709975', '2015-02-05 04:13:51', '0000-00-00 00:00:00'),
(6, '46317517', '2015-02-05 04:13:51', '0000-00-00 00:00:00'),
(7, '6482380', '2015-02-05 04:13:51', '0000-00-00 00:00:00'),
(8, '29917328', '2015-02-05 04:13:51', '0000-00-00 00:00:00'),
(9, '31384216', '2015-02-05 04:13:51', '0000-00-00 00:00:00'),
(10, '33245042', '2015-02-05 04:13:51', '0000-00-00 00:00:00'),
(11, '68686899', '2015-02-05 04:13:51', '0000-00-00 00:00:00'),
(12, '64786118', '2015-02-05 04:13:51', '0000-00-00 00:00:00'),
(13, '11095638', '2015-02-05 04:13:51', '0000-00-00 00:00:00'),
(14, '89251244', '2015-02-05 04:13:51', '0000-00-00 00:00:00'),
(15, '73830221', '2015-02-05 04:13:51', '0000-00-00 00:00:00'),
(16, '51670016', '2015-02-05 04:13:51', '0000-00-00 00:00:00'),
(17, '16269742', '2015-02-05 04:13:51', '0000-00-00 00:00:00'),
(18, '61674240', '2015-02-05 04:13:51', '0000-00-00 00:00:00'),
(19, '77518728', '2015-02-05 04:13:51', '0000-00-00 00:00:00'),
(20, '55569071', '2015-02-05 04:13:51', '0000-00-00 00:00:00'),
(21, '63271215', '2015-02-05 04:13:51', '0000-00-00 00:00:00'),
(22, '76100837', '2015-02-05 04:13:52', '0000-00-00 00:00:00'),
(23, '81670444', '2015-02-05 04:13:52', '0000-00-00 00:00:00'),
(24, '89289125', '2015-02-05 04:13:52', '0000-00-00 00:00:00'),
(25, '85966703', '2015-02-05 04:13:52', '0000-00-00 00:00:00'),
(26, '65724990', '2015-02-05 04:13:52', '0000-00-00 00:00:00'),
(27, '81120227', '2015-02-05 04:13:52', '0000-00-00 00:00:00'),
(28, '5354119', '2015-02-05 04:13:52', '0000-00-00 00:00:00'),
(29, '71137802', '2015-02-05 04:13:52', '0000-00-00 00:00:00'),
(30, '70419563', '2015-02-05 04:13:52', '0000-00-00 00:00:00'),
(31, '57379036', '2015-02-05 04:13:52', '0000-00-00 00:00:00'),
(32, '58294493', '2015-02-05 04:13:52', '0000-00-00 00:00:00'),
(33, '20155459', '2015-02-05 04:13:52', '0000-00-00 00:00:00'),
(34, '31320832', '2015-02-05 04:13:52', '0000-00-00 00:00:00'),
(35, '69177001', '2015-02-05 04:13:52', '0000-00-00 00:00:00'),
(36, '75072801', '2015-02-05 04:13:52', '0000-00-00 00:00:00'),
(37, '769480', '2015-02-05 04:13:52', '0000-00-00 00:00:00'),
(38, '51847809', '2015-02-05 04:13:52', '0000-00-00 00:00:00'),
(39, '99946264', '2015-02-05 04:13:52', '0000-00-00 00:00:00'),
(40, '44643936', '2015-02-05 04:13:52', '0000-00-00 00:00:00'),
(41, '56390257', '2015-02-05 04:13:52', '0000-00-00 00:00:00'),
(42, '24931737', '2015-02-05 04:13:52', '0000-00-00 00:00:00'),
(43, '92634183', '2015-02-05 04:13:52', '0000-00-00 00:00:00'),
(44, '98304645', '2015-02-05 04:13:52', '0000-00-00 00:00:00'),
(45, '83477366', '2015-02-05 04:13:52', '0000-00-00 00:00:00'),
(46, '2486016', '2015-02-05 04:13:52', '0000-00-00 00:00:00'),
(47, '22719685', '2015-02-05 04:13:52', '0000-00-00 00:00:00'),
(48, '87786718', '2015-02-05 04:13:53', '0000-00-00 00:00:00'),
(49, '16617159', '2015-02-05 04:13:53', '0000-00-00 00:00:00'),
(50, '46913798', '2015-02-05 04:13:53', '0000-00-00 00:00:00'),
(51, '698800', '2015-02-05 04:13:53', '0000-00-00 00:00:00'),
(52, '96847274', '2015-02-05 04:13:53', '0000-00-00 00:00:00'),
(53, '13870235', '2015-02-05 04:13:53', '0000-00-00 00:00:00'),
(54, '70087055', '2015-02-05 04:13:53', '0000-00-00 00:00:00'),
(55, '21100107', '2015-02-05 04:13:53', '0000-00-00 00:00:00'),
(56, '17498775', '2015-02-05 04:13:53', '0000-00-00 00:00:00'),
(57, '85212962', '2015-02-05 04:13:53', '0000-00-00 00:00:00'),
(58, '36397934', '2015-02-05 04:13:53', '0000-00-00 00:00:00'),
(59, '87843416', '2015-02-05 04:13:53', '0000-00-00 00:00:00'),
(60, '24005480', '2015-02-05 04:13:53', '0000-00-00 00:00:00'),
(61, '13995165', '2015-02-05 04:13:53', '0000-00-00 00:00:00'),
(62, '54855727', '2015-02-05 04:13:53', '0000-00-00 00:00:00'),
(63, '78515734', '2015-02-05 04:13:53', '0000-00-00 00:00:00'),
(64, '18996411', '2015-02-05 04:13:53', '0000-00-00 00:00:00'),
(65, '29612725', '2015-02-05 04:13:53', '0000-00-00 00:00:00'),
(66, '83228657', '2015-02-05 04:13:53', '0000-00-00 00:00:00'),
(67, '56655485', '2015-02-05 04:13:54', '0000-00-00 00:00:00'),
(68, '59612429', '2015-02-05 04:13:54', '0000-00-00 00:00:00'),
(69, '91426445', '2015-02-05 04:13:54', '0000-00-00 00:00:00'),
(70, '24912422', '2015-02-05 04:13:54', '0000-00-00 00:00:00'),
(71, '11239369', '2015-02-05 04:13:54', '0000-00-00 00:00:00'),
(72, '95915631', '2015-02-05 04:13:54', '0000-00-00 00:00:00'),
(73, '43718899', '2015-02-05 04:13:54', '0000-00-00 00:00:00'),
(74, '22442146', '2015-02-05 04:13:54', '0000-00-00 00:00:00'),
(75, '30643899', '2015-02-05 04:13:54', '0000-00-00 00:00:00'),
(76, '39705454', '2015-02-05 04:13:54', '0000-00-00 00:00:00'),
(77, '37582298', '2015-02-05 04:13:54', '0000-00-00 00:00:00'),
(78, '41959403', '2015-02-05 04:13:54', '0000-00-00 00:00:00'),
(79, '21007443', '2015-02-05 04:13:54', '0000-00-00 00:00:00'),
(80, '73762365', '2015-02-05 04:13:54', '0000-00-00 00:00:00'),
(81, '92079869', '2015-02-05 04:13:54', '0000-00-00 00:00:00'),
(82, '77165962', '2015-02-05 04:13:54', '0000-00-00 00:00:00'),
(83, '91125437', '2015-02-05 04:13:54', '0000-00-00 00:00:00'),
(84, '78491728', '2015-02-05 04:13:54', '0000-00-00 00:00:00'),
(85, '18576543', '2015-02-05 04:13:54', '0000-00-00 00:00:00'),
(86, '69636080', '2015-02-05 04:13:54', '0000-00-00 00:00:00'),
(87, '42439115', '2015-02-05 04:13:55', '0000-00-00 00:00:00'),
(88, '28927444', '2015-02-05 04:13:55', '0000-00-00 00:00:00'),
(89, '66544930', '2015-02-05 04:13:55', '0000-00-00 00:00:00'),
(90, '65920519', '2015-02-05 04:13:55', '0000-00-00 00:00:00'),
(91, '96948039', '2015-02-05 04:13:55', '0000-00-00 00:00:00'),
(92, '4105476', '2015-02-05 04:13:55', '0000-00-00 00:00:00'),
(93, '96655071', '2015-02-05 04:13:55', '0000-00-00 00:00:00'),
(94, '64204353', '2015-02-05 04:13:55', '0000-00-00 00:00:00'),
(95, '35730815', '2015-02-05 04:13:55', '0000-00-00 00:00:00'),
(96, '48943256', '2015-02-05 04:13:55', '0000-00-00 00:00:00'),
(97, '59224376', '2015-02-05 04:13:55', '0000-00-00 00:00:00'),
(98, '59064646', '2015-02-05 04:13:55', '0000-00-00 00:00:00'),
(99, '30377767', '2015-02-05 04:13:55', '0000-00-00 00:00:00'),
(100, '29676529', '2015-02-05 04:13:55', '0000-00-00 00:00:00');

-- --------------------------------------------------------

--
-- Table structure for table `currently_used_product`
--

CREATE TABLE IF NOT EXISTS `currently_used_product` (
  `id` int(10) unsigned NOT NULL AUTO_INCREMENT,
  `product` varchar(15) COLLATE utf8_unicode_ci NOT NULL,
  `created_at` timestamp NOT NULL DEFAULT CURRENT_TIMESTAMP ON UPDATE CURRENT_TIMESTAMP,
  `updated_at` timestamp NOT NULL DEFAULT '0000-00-00 00:00:00',
  `product_id` int(11) NOT NULL,
  PRIMARY KEY (`id`)
) ENGINE=InnoDB  DEFAULT CHARSET=utf8 COLLATE=utf8_unicode_ci AUTO_INCREMENT=6 ;

--
-- Dumping data for table `currently_used_product`
--

INSERT INTO `currently_used_product` (`id`, `product`, `created_at`, `updated_at`, `product_id`) VALUES
(1, 'UBL FW', '2015-02-03 07:39:37', '0000-00-00 00:00:00', 1),
(2, 'Comp. FW', '2015-02-03 07:39:41', '0000-00-00 00:00:00', 2),
(3, 'Soap User', '2015-02-03 07:39:43', '0000-00-00 00:00:00', 3),
(4, 'Proxy User', '2015-02-03 07:39:46', '0000-00-00 00:00:00', 4),
(5, 'none', '2015-02-03 07:36:40', '0000-00-00 00:00:00', 0);

-- --------------------------------------------------------

--
-- Table structure for table `education_info`
--

CREATE TABLE IF NOT EXISTS `education_info` (
  `id` int(10) unsigned NOT NULL AUTO_INCREMENT,
  `name` varchar(20) COLLATE utf8_unicode_ci NOT NULL,
  `created_at` timestamp NOT NULL DEFAULT CURRENT_TIMESTAMP ON UPDATE CURRENT_TIMESTAMP,
  `updated_at` timestamp NOT NULL DEFAULT '0000-00-00 00:00:00',
  PRIMARY KEY (`id`)
) ENGINE=InnoDB  DEFAULT CHARSET=utf8 COLLATE=utf8_unicode_ci AUTO_INCREMENT=6 ;

--
-- Dumping data for table `education_info`
--

INSERT INTO `education_info` (`id`, `name`, `created_at`, `updated_at`) VALUES
(1, 'Under SSC', '2015-02-05 14:03:35', '0000-00-00 00:00:00'),
(2, 'SSC', '2015-02-03 07:25:20', '0000-00-00 00:00:00'),
(3, 'HSC', '2015-02-03 07:25:41', '0000-00-00 00:00:00'),
(4, 'Grad', '2015-02-03 07:25:41', '0000-00-00 00:00:00'),
(5, 'Masters', '2015-02-03 07:25:51', '0000-00-00 00:00:00');

-- --------------------------------------------------------

--
-- Table structure for table `message`
--

CREATE TABLE IF NOT EXISTS `message` (
  `id` int(10) unsigned NOT NULL AUTO_INCREMENT,
  `campaign_id` varchar(10) COLLATE utf8_unicode_ci DEFAULT NULL,
  `customer_name` varchar(50) COLLATE utf8_unicode_ci DEFAULT NULL,
  `age` int(11) DEFAULT NULL,
  `gender` varchar(10) COLLATE utf8_unicode_ci DEFAULT NULL,
  `customer_mobile` varchar(15) COLLATE utf8_unicode_ci DEFAULT NULL,
  `thana_code` varchar(15) COLLATE utf8_unicode_ci DEFAULT NULL,
  `education_id` int(10) unsigned DEFAULT NULL,
  `occupation_id` int(10) unsigned DEFAULT NULL,
  `coupon_code` varchar(50) COLLATE utf8_unicode_ci DEFAULT NULL,
  `currently_used_product_table_id` int(10) unsigned DEFAULT NULL,
  `sales` varchar(5) COLLATE utf8_unicode_ci DEFAULT NULL,
  `products_sold` varchar(50) COLLATE utf8_unicode_ci DEFAULT NULL,
  `created_at` timestamp NOT NULL DEFAULT CURRENT_TIMESTAMP ON UPDATE CURRENT_TIMESTAMP,
  `updated_at` timestamp NOT NULL DEFAULT '0000-00-00 00:00:00',
  `bp_mobile` varchar(15) COLLATE utf8_unicode_ci NOT NULL,
  `error` text COLLATE utf8_unicode_ci,
  `full_message` varchar(255) COLLATE utf8_unicode_ci NOT NULL,
  `FAL` int(11) NOT NULL DEFAULT '0',
  `PDF` int(11) NOT NULL DEFAULT '0',
  `PWB` int(11) NOT NULL DEFAULT '0',
  `PNS` int(11) NOT NULL DEFAULT '0',
  `PPC` int(11) NOT NULL DEFAULT '0',
  `DBM` int(11) NOT NULL DEFAULT '0',
  PRIMARY KEY (`id`)
) ENGINE=InnoDB  DEFAULT CHARSET=utf8 COLLATE=utf8_unicode_ci AUTO_INCREMENT=102 ;

--
-- Dumping data for table `message`
--

INSERT INTO `message` (`id`, `campaign_id`, `customer_name`, `age`, `gender`, `customer_mobile`, `thana_code`, `education_id`, `occupation_id`, `coupon_code`, `currently_used_product_table_id`, `sales`, `products_sold`, `created_at`, `updated_at`, `bp_mobile`, `error`, `full_message`, `FAL`, `PDF`, `PWB`, `PNS`, `PPC`, `DBM`) VALUES
(1, 'u1', 'Estefania Jaskolski', 32, 'M', '01781310738', '5012', 4, 2, '46913798', 3, 'Y', '{"1":4,"2":0,"3":6,"4":7,"5":7,"6":8}', '2015-01-05 20:52:51', '2015-02-04 22:13:55', '01953059139', NULL, '', 4, 0, 6, 7, 7, 8),
(2, 'u1', 'Mrs. Simone Predovic PhD', 32, 'F', '01799065262', '5011', 2, 3, '63271215', 1, 'Y', '{"1":8,"2":0,"3":6,"4":0,"5":3,"6":1}', '2014-10-22 14:52:41', '2015-02-04 22:13:55', '01913185563', NULL, '', 8, 0, 6, 0, 3, 1),
(3, 'u1', 'Elliott Paucek', 50, 'F', '01719591516', '6060', 2, 2, '63271215', 5, 'N', '{"1":8,"2":5,"3":9,"4":1,"5":8,"6":5}', '2015-01-19 05:27:00', '2015-02-04 22:13:55', '01931525699', NULL, '', 8, 5, 9, 1, 8, 5),
(4, 'u1', 'Easton McKenzie', 22, 'F', '01778104202', '4005', 1, 1, '65920519', 5, 'N', '{"1":5,"2":0,"3":2,"4":8,"5":2,"6":3}', '2014-06-01 16:41:45', '2015-02-04 22:13:55', '01931574104', NULL, '', 5, 0, 2, 8, 2, 3),
(5, 'u1', 'Donnell Rodriguez', 35, 'F', '01722253393', '4039', 5, 4, '4105476', 2, 'N', '{"1":9,"2":5,"3":4,"4":5,"5":6,"6":6}', '2014-11-16 10:33:43', '2015-02-04 22:13:55', '01912304597', NULL, '', 9, 5, 4, 5, 6, 6),
(6, 'u1', 'Destin Bosco', 43, 'M', '0176266776', '4011', 3, 1, '20155459', 1, 'N', '{"1":2,"2":2,"3":5,"4":9,"5":4,"6":1}', '2014-05-03 03:07:53', '2015-02-04 22:13:55', '01917130667', NULL, '', 2, 2, 5, 9, 4, 1),
(7, 'u1', 'Vincenzo Shields', 64, 'M', '01734769056', '3036', 1, 1, '37582298', 2, 'N', '{"1":5,"2":0,"3":0,"4":0,"5":9,"6":2}', '2014-09-12 23:20:32', '2015-02-04 22:13:55', '01999882518', NULL, '', 5, 0, 0, 0, 9, 2),
(8, 'u1', 'Gladys Moen', 58, 'F', '01776868197', '6020', 2, 3, '92079869', 4, 'N', '{"1":3,"2":7,"3":8,"4":7,"5":3,"6":6}', '2014-03-15 17:52:25', '2015-02-04 22:13:56', '01945875313', NULL, '', 3, 7, 8, 7, 3, 6),
(9, 'u1', 'Dr. Sadie Leannon', 21, 'F', '01722209753', '1070', 4, 1, '96655071', 1, 'Y', '{"1":7,"2":7,"3":4,"4":7,"5":4,"6":2}', '2014-06-07 03:59:18', '2015-02-04 22:13:56', '01956103050', NULL, '', 7, 7, 4, 7, 4, 2),
(10, 'u1', 'Dee Blanda', 70, 'M', '0175810806', '6020', 3, 4, '54855727', 3, 'N', '{"1":9,"2":9,"3":4,"4":4,"5":9,"6":0}', '2014-08-13 13:57:46', '2015-02-04 22:13:56', '01937919958', NULL, '', 9, 9, 4, 4, 9, 0),
(11, 'u1', 'Anne Goodwin', 47, 'F', '01779614215', '2062', 1, 4, '51670016', 3, 'Y', '{"1":3,"2":1,"3":1,"4":0,"5":6,"6":1}', '2014-06-20 05:48:11', '2015-02-04 22:13:56', '01980304998', NULL, '', 3, 1, 1, 0, 6, 1),
(12, 'u1', 'Van Stark', 64, 'F', '01716024396', '6041', 5, 3, '64786118', 3, 'N', '{"1":1,"2":2,"3":0,"4":9,"5":9,"6":4}', '2014-09-10 16:54:07', '2015-02-04 22:13:56', '01954606276', NULL, '', 1, 2, 0, 9, 9, 4),
(13, 'u1', 'Roy Padberg', 20, 'M', '01798168296', '7021', 4, 4, '29676529', 3, 'N', '{"1":9,"2":9,"3":3,"4":0,"5":8,"6":0}', '2014-09-07 18:22:51', '2015-02-04 22:13:56', '01957715586', NULL, '', 9, 9, 3, 0, 8, 0),
(14, 'u1', 'Claudia Glover Jr.', 39, 'M', '01767003571', '5034', 2, 3, '99946264', 5, 'N', '{"1":5,"2":3,"3":7,"4":6,"5":0,"6":5}', '2014-12-17 07:12:48', '2015-02-04 22:13:56', '01947941538', NULL, '', 5, 3, 7, 6, 0, 5),
(15, 'u1', 'Eliane Waelchi', 16, 'M', '01741466629', '6041', 2, 3, '769480', 3, 'Y', '{"1":6,"2":0,"3":9,"4":7,"5":7,"6":5}', '2014-08-14 05:31:47', '2015-02-04 22:13:56', '01971704176', NULL, '', 6, 0, 9, 7, 7, 5),
(16, 'u1', 'Dr. Alyce Hagenes', 18, 'F', '01723785145', '1119', 3, 4, '64786118', 3, 'Y', '{"1":2,"2":5,"3":4,"4":5,"5":9,"6":8}', '2014-08-27 08:23:36', '2015-02-04 22:13:56', '01991050042', NULL, '', 2, 5, 4, 5, 9, 8),
(17, 'u1', 'Trinity Kuphal', 21, 'M', '01775919206', '7040', 4, 1, '78491728', 3, 'N', '{"1":8,"2":0,"3":1,"4":0,"5":9,"6":4}', '2014-06-01 05:32:56', '2015-02-04 22:13:56', '01969628240', NULL, '', 8, 0, 1, 0, 9, 4),
(18, 'u1', 'Prof. Madalyn Emmerich', 54, 'M', '01785361399', '2097', 4, 3, '21007443', 3, 'Y', '{"1":0,"2":8,"3":7,"4":9,"5":2,"6":1}', '2014-04-26 06:39:52', '2015-02-04 22:13:56', '01971331564', NULL, '', 0, 8, 7, 9, 2, 1),
(19, 'u1', 'Vada Larson', 46, 'F', '01712197878', '1057', 4, 1, '73830221', 4, 'Y', '{"1":6,"2":0,"3":4,"4":9,"5":9,"6":5}', '2014-07-19 09:40:39', '2015-02-04 22:13:56', '01913139242', NULL, '', 6, 0, 4, 9, 9, 5),
(20, 'u1', 'Dr. Maude Johnson', 70, 'M', '01737236521', '5069', 3, 2, '98304645', 4, 'Y', '{"1":7,"2":7,"3":8,"4":0,"5":7,"6":6}', '2014-09-30 15:16:37', '2015-02-04 22:13:56', '01924393332', NULL, '', 7, 7, 8, 0, 7, 6),
(21, 'u1', 'Lucious Ebert', 15, 'F', '01762910181', '3016', 4, 2, '65724990', 4, 'Y', '{"1":5,"2":2,"3":4,"4":2,"5":5,"6":8}', '2014-02-08 21:40:47', '2015-02-04 22:13:56', '01949693631', NULL, '', 5, 2, 4, 2, 5, 8),
(22, 'u1', 'Evans Kuphal', 52, 'F', '01756876783', '6038', 1, 3, '12938792', 5, 'N', '{"1":9,"2":0,"3":5,"4":4,"5":5,"6":4}', '2014-10-07 16:37:43', '2015-02-04 22:13:56', '01938564150', NULL, '', 9, 0, 5, 4, 5, 4),
(23, 'u1', 'Bret Kihn', 59, 'F', '01798467860', '6049', 2, 1, '78515734', 2, 'N', '{"1":4,"2":3,"3":4,"4":9,"5":7,"6":3}', '2014-12-26 23:10:38', '2015-02-04 22:13:56', '0193520322', NULL, '', 4, 3, 4, 9, 7, 3),
(24, 'u1', 'Lindsay Stanton', 39, 'M', '01761502786', '1140', 3, 3, '51670016', 1, 'Y', '{"1":5,"2":8,"3":0,"4":2,"5":7,"6":3}', '2014-05-24 11:38:59', '2015-02-04 22:13:56', '01934932518', NULL, '', 5, 8, 0, 2, 7, 3),
(25, 'u1', 'Amy Toy', 43, 'F', '01793059412', '7024', 2, 4, '51847809', 3, 'Y', '{"1":2,"2":2,"3":4,"4":6,"5":9,"6":0}', '2014-10-25 10:54:11', '2015-02-04 22:13:56', '01969593109', NULL, '', 2, 2, 4, 6, 9, 0),
(26, 'u1', 'Daija McCullough', 53, 'M', '0178582100', '2058', 1, 2, '96948039', 1, 'N', '{"1":2,"2":9,"3":9,"4":8,"5":4,"6":6}', '2014-12-22 16:45:18', '2015-02-04 22:13:57', '01954178379', NULL, '', 2, 9, 9, 8, 4, 6),
(27, 'u1', 'Virgil O''Keefe', 63, 'M', '0172946231', '6002', 3, 3, '48943256', 3, 'N', '{"1":5,"2":8,"3":8,"4":8,"5":9,"6":1}', '2015-01-31 03:54:11', '2015-02-04 22:13:57', '01920154959', NULL, '', 5, 8, 8, 8, 9, 1),
(28, 'u1', 'Millie Kirlin', 41, 'M', '01751894921', '2015', 2, 3, '56655485', 1, 'N', '{"1":4,"2":3,"3":3,"4":6,"5":1,"6":4}', '2014-02-28 04:20:05', '2015-02-04 22:13:57', '01971709363', NULL, '', 4, 3, 3, 6, 1, 4),
(29, 'u1', 'Otto Maggio', 36, 'M', '01797280049', '5004', 4, 3, '89434266', 1, 'Y', '{"1":0,"2":9,"3":4,"4":2,"5":6,"6":6}', '2014-05-14 16:01:58', '2015-02-04 22:13:57', '01940434567', NULL, '', 0, 9, 4, 2, 6, 6),
(30, 'u1', 'Miss Marilou Simonis', 29, 'F', '0174173114', '7031', 5, 3, '91125437', 4, 'Y', '{"1":3,"2":5,"3":3,"4":7,"5":8,"6":6}', '2014-12-07 05:11:35', '2015-02-04 22:13:57', '01947550907', NULL, '', 3, 5, 3, 7, 8, 6),
(31, 'u1', 'Tony Metz', 49, 'F', '01716167199', '2061', 1, 2, '91125437', 2, 'Y', '{"1":0,"2":2,"3":5,"4":2,"5":4,"6":3}', '2014-10-30 07:43:46', '2015-02-04 22:13:57', '01942436602', NULL, '', 0, 2, 5, 2, 4, 3),
(32, 'u1', 'Dr. Eveline Collier', 39, 'M', '01791691588', '4012', 3, 4, '83477366', 3, 'Y', '{"1":8,"2":2,"3":5,"4":4,"5":9,"6":1}', '2014-05-17 10:17:22', '2015-02-04 22:13:57', '01925536530', NULL, '', 8, 2, 5, 4, 9, 1),
(33, 'u1', 'Kenna Eichmann Sr.', 36, 'F', '01798744155', '1036', 5, 1, '18996411', 2, 'N', '{"1":3,"2":5,"3":6,"4":4,"5":6,"6":1}', '2014-10-17 22:24:18', '2015-02-04 22:13:57', '01913016480', NULL, '', 3, 5, 6, 4, 6, 1),
(34, 'u1', 'Mr. Josue Metz', 47, 'M', '01780806846', '2104', 2, 1, '58294493', 2, 'Y', '{"1":1,"2":3,"3":8,"4":2,"5":8,"6":4}', '2014-11-20 16:28:53', '2015-02-04 22:13:57', '01960295047', NULL, '', 1, 3, 8, 2, 8, 4),
(35, 'u1', 'Kaylee Krajcik', 63, 'M', '01721565415', '5018', 4, 3, '96655071', 4, 'N', '{"1":6,"2":5,"3":7,"4":8,"5":1,"6":2}', '2014-09-22 17:02:49', '2015-02-04 22:13:57', '01976366619', NULL, '', 6, 5, 7, 8, 1, 2),
(36, 'u1', 'Mr. Doug Hahn PhD', 45, 'F', '01764108145', '6008', 3, 4, '65920519', 3, 'N', '{"1":8,"2":3,"3":2,"4":4,"5":0,"6":0}', '2014-09-09 08:20:48', '2015-02-04 22:13:57', '01911082646', NULL, '', 8, 3, 2, 4, 0, 0),
(37, 'u1', 'Branson Lubowitz', 45, 'F', '01790404141', '1123', 1, 1, '3709975', 4, 'N', '{"1":5,"2":8,"3":3,"4":5,"5":7,"6":7}', '2014-07-03 05:43:43', '2015-02-04 22:13:57', '01985957040', NULL, '', 5, 8, 3, 5, 7, 7),
(38, 'u1', 'Jazmyne Mante', 17, 'M', '01766289887', '4020', 4, 4, '83228657', 4, 'N', '{"1":7,"2":5,"3":4,"4":8,"5":3,"6":9}', '2014-05-09 13:32:04', '2015-02-04 22:13:57', '0197747898', NULL, '', 7, 5, 4, 8, 3, 9),
(39, 'u1', 'Ruben Dach', 62, 'M', '01787791745', '2092', 3, 3, '92634183', 5, 'Y', '{"1":8,"2":8,"3":0,"4":6,"5":8,"6":2}', '2014-03-31 01:16:37', '2015-02-04 22:13:57', '01988755500', NULL, '', 8, 8, 0, 6, 8, 2),
(40, 'u1', 'Mr. Chester Marvin DVM', 33, 'F', '01776006263', '6056', 5, 4, '18576543', 1, 'Y', '{"1":6,"2":7,"3":2,"4":1,"5":3,"6":5}', '2014-08-09 15:59:47', '2015-02-04 22:13:57', '01930697482', NULL, '', 6, 7, 2, 1, 3, 5),
(41, 'u1', 'Ms. Norene Hoppe DVM', 47, 'F', '01726522413', '3011', 4, 2, '11095638', 3, 'N', '{"1":9,"2":8,"3":6,"4":1,"5":6,"6":2}', '2014-11-07 21:57:53', '2015-02-04 22:13:57', '01980973836', NULL, '', 9, 8, 6, 1, 6, 2),
(42, 'u1', 'Vernice Johns', 46, 'F', '01724366491', '1037', 3, 2, '769480', 4, 'Y', '{"1":4,"2":0,"3":4,"4":4,"5":7,"6":6}', '2014-04-28 04:17:29', '2015-02-04 22:13:57', '01989041754', NULL, '', 4, 0, 4, 4, 7, 6),
(43, 'u1', 'Marianne Heidenreich', 39, 'M', '01728809286', '5023', 2, 2, '22442146', 2, 'Y', '{"1":5,"2":1,"3":4,"4":4,"5":2,"6":4}', '2014-03-10 02:57:09', '2015-02-04 22:13:57', '01919984039', NULL, '', 5, 1, 4, 4, 2, 4),
(44, 'u1', 'Ms. Astrid Spinka', 30, 'M', '01783235781', '5065', 5, 3, '85212962', 3, 'N', '{"1":1,"2":8,"3":0,"4":3,"5":0,"6":2}', '2014-07-17 09:27:23', '2015-02-04 22:13:57', '01969176452', NULL, '', 1, 8, 0, 3, 0, 2),
(45, 'u1', 'Bernardo Lynch', 45, 'F', '01756935553', '1016', 3, 1, '83477366', 5, 'N', '{"1":5,"2":1,"3":2,"4":4,"5":1,"6":4}', '2015-01-14 01:39:30', '2015-02-04 22:13:57', '01976670057', NULL, '', 5, 1, 2, 4, 1, 4),
(46, 'u1', 'Cyril Ortiz', 27, 'M', '01746401671', '1015', 2, 2, '96655071', 5, 'Y', '{"1":5,"2":2,"3":0,"4":6,"5":4,"6":7}', '2014-12-16 19:45:06', '2015-02-04 22:13:57', '01943666431', NULL, '', 5, 2, 0, 6, 4, 7),
(47, 'u1', 'Abner Runte', 60, 'M', '01798880268', '1144', 5, 2, '31320832', 3, 'N', '{"1":9,"2":0,"3":8,"4":3,"5":8,"6":2}', '2014-07-08 19:24:54', '2015-02-04 22:13:57', '01952950558', NULL, '', 9, 0, 8, 3, 8, 2),
(48, 'u1', 'Stacey Veum', 59, 'F', '01796176290', '1025', 5, 2, '11239369', 4, 'N', '{"1":5,"2":5,"3":1,"4":2,"5":1,"6":7}', '2014-10-06 08:22:14', '2015-02-04 22:13:58', '01913132098', NULL, '', 5, 5, 1, 2, 1, 7),
(49, 'u1', 'Prof. Tressie Hodkiewicz V', 18, 'M', '01781694501', '4037', 4, 3, '66544930', 2, 'Y', '{"1":7,"2":3,"3":3,"4":7,"5":4,"6":6}', '2014-04-17 14:03:39', '2015-02-04 22:13:58', '01925246343', NULL, '', 7, 3, 3, 7, 4, 6),
(50, 'u1', 'Aisha Barrows', 40, 'M', '01720518637', '1152', 4, 4, '18576543', 1, 'N', '{"1":6,"2":9,"3":7,"4":7,"5":3,"6":7}', '2015-01-26 17:28:44', '2015-02-04 22:13:58', '0192517653', NULL, '', 6, 9, 7, 7, 3, 7),
(51, 'u1', 'Zetta Dooley', 39, 'M', '01770927633', '5020', 4, 2, '46913798', 4, 'Y', '{"1":9,"2":4,"3":2,"4":1,"5":6,"6":4}', '2014-03-16 16:22:00', '2015-02-04 22:13:58', '01928764134', NULL, '', 9, 4, 2, 1, 6, 4),
(52, 'u1', 'Bernie Weissnat', 66, 'F', '01731468880', '4065', 3, 1, '43718899', 1, 'N', '{"1":8,"2":6,"3":6,"4":2,"5":6,"6":3}', '2014-06-06 11:10:55', '2015-02-04 22:13:58', '01982494927', NULL, '', 8, 6, 6, 2, 6, 3),
(53, 'u1', 'Mrs. Liliane Waelchi', 25, 'F', '01792414020', '1026', 5, 1, '89434266', 4, 'Y', '{"1":9,"2":8,"3":9,"4":9,"5":9,"6":7}', '2014-11-23 04:37:08', '2015-02-04 22:13:58', '01980257750', NULL, '', 9, 8, 9, 9, 9, 7),
(54, 'u1', 'Charlene Breitenberg', 24, 'M', '01774026107', '6017', 1, 3, '64204353', 3, 'N', '{"1":3,"2":0,"3":6,"4":3,"5":3,"6":4}', '2015-01-01 21:16:31', '2015-02-04 22:13:58', '01959031751', NULL, '', 3, 0, 6, 3, 3, 4),
(55, 'u1', 'Neha Anderson', 44, 'M', '01789052719', '6026', 4, 4, '33245042', 2, 'N', '{"1":5,"2":0,"3":7,"4":0,"5":6,"6":5}', '2014-06-01 11:09:37', '2015-02-04 22:13:58', '01950560516', NULL, '', 5, 0, 7, 0, 6, 5),
(56, 'u1', 'Dr. Sterling Cartwright', 40, 'F', '01773326789', '1069', 1, 3, '89251244', 5, 'N', '{"1":2,"2":3,"3":4,"4":0,"5":9,"6":2}', '2014-04-27 10:44:27', '2015-02-04 22:13:58', '01952354700', NULL, '', 2, 3, 4, 0, 9, 2),
(57, 'u1', 'Ms. Alvina Wisozk MD', 18, 'F', '01733112816', '2110', 5, 2, '85966703', 3, 'N', '{"1":7,"2":5,"3":1,"4":3,"5":1,"6":5}', '2014-03-05 18:34:57', '2015-02-04 22:13:58', '01936468922', NULL, '', 7, 5, 1, 3, 1, 5),
(58, 'u1', 'Mr. Earnest Hahn Jr.', 56, 'F', '01718280656', '2108', 5, 2, '83228657', 1, 'N', '{"1":4,"2":2,"3":0,"4":5,"5":7,"6":4}', '2014-11-17 20:54:41', '2015-02-04 22:13:58', '01922385650', NULL, '', 4, 2, 0, 5, 7, 4),
(59, 'u1', 'Dr. Geovanny Kutch', 52, 'M', '01754700770', '1174', 5, 1, '13870235', 5, 'N', '{"1":2,"2":0,"3":4,"4":1,"5":5,"6":2}', '2014-04-23 08:01:42', '2015-02-04 22:13:58', '01914017392', NULL, '', 2, 0, 4, 1, 5, 2),
(60, 'u1', 'Bell Reichel', 57, 'M', '01726413568', '1150', 4, 1, '68686899', 5, 'N', '{"1":8,"2":4,"3":4,"4":5,"5":7,"6":0}', '2015-01-18 14:33:48', '2015-02-04 22:13:58', '01959280213', NULL, '', 8, 4, 4, 5, 7, 0),
(61, 'u1', 'Lacy Pacocha', 32, 'M', '01713493657', '2124', 1, 2, '37582298', 3, 'N', '{"1":5,"2":0,"3":8,"4":5,"5":2,"6":5}', '2014-04-07 17:47:43', '2015-02-04 22:13:58', '01934912124', NULL, '', 5, 0, 8, 5, 2, 5),
(62, 'u1', 'Prof. Andre Rowe III', 41, 'F', '01775447562', '3023', 2, 4, '51847809', 4, 'N', '{"1":1,"2":6,"3":6,"4":3,"5":2,"6":4}', '2014-09-06 18:25:11', '2015-02-04 22:13:58', '01965664649', NULL, '', 1, 6, 6, 3, 2, 4),
(63, 'u1', 'Zander Balistreri', 60, 'F', '01740684073', '6033', 2, 4, '698800', 2, 'Y', '{"1":9,"2":6,"3":8,"4":3,"5":6,"6":2}', '2015-01-07 04:29:58', '2015-02-04 22:13:58', '01998503050', NULL, '', 9, 6, 8, 3, 6, 2),
(64, 'u1', 'Sadye Jenkins I', 37, 'M', '01748091215', '6039', 3, 3, '96847274', 5, 'N', '{"1":7,"2":1,"3":1,"4":5,"5":6,"6":6}', '2014-11-27 06:15:13', '2015-02-04 22:13:58', '01918811578', NULL, '', 7, 1, 1, 5, 6, 6),
(65, 'u1', 'Mr. Rex Armstrong', 60, 'M', '01794419534', '2044', 5, 2, '91426445', 5, 'Y', '{"1":9,"2":4,"3":7,"4":5,"5":3,"6":9}', '2014-04-23 14:41:18', '2015-02-04 22:13:58', '01952736539', NULL, '', 9, 4, 7, 5, 3, 9),
(66, 'u1', 'Sylvan Brakus', 55, 'M', '01761202709', '1001', 3, 1, '3709975', 1, 'N', '{"1":8,"2":1,"3":0,"4":6,"5":2,"6":3}', '2014-08-11 08:30:14', '2015-02-04 22:13:58', '01949471868', NULL, '', 8, 1, 0, 6, 2, 3),
(67, 'u1', 'Mr. Keenan Nienow', 64, 'F', '01734700148', '5042', 2, 1, '43718899', 1, 'Y', '{"1":0,"2":4,"3":4,"4":0,"5":1,"6":7}', '2014-07-24 18:42:13', '2015-02-04 22:13:58', '01933810796', NULL, '', 0, 4, 4, 0, 1, 7),
(68, 'u1', 'Stewart Erdman II', 35, 'M', '01737172146', '4013', 3, 2, '6482380', 4, 'Y', '{"1":0,"2":7,"3":3,"4":8,"5":2,"6":1}', '2015-01-16 12:54:03', '2015-02-04 22:13:58', '01936152881', NULL, '', 0, 7, 3, 8, 2, 1),
(69, 'u1', 'Earlene Batz', 70, 'M', '0179475356', '4033', 3, 4, '28927444', 3, 'Y', '{"1":7,"2":1,"3":9,"4":5,"5":5,"6":0}', '2014-05-24 22:07:31', '2015-02-04 22:13:58', '01982475904', NULL, '', 7, 1, 9, 5, 5, 0),
(70, 'u1', 'Mertie Ebert', 18, 'M', '01786586587', '5053', 4, 1, '22442146', 3, 'Y', '{"1":0,"2":1,"3":2,"4":4,"5":8,"6":9}', '2014-04-19 05:41:21', '2015-02-04 22:13:59', '01975043054', NULL, '', 0, 1, 2, 4, 8, 9),
(71, 'u1', 'Harvey Dare', 68, 'M', '01710417415', '4044', 1, 3, '56655485', 3, 'Y', '{"1":1,"2":1,"3":7,"4":5,"5":5,"6":3}', '2014-04-20 07:00:27', '2015-02-04 22:13:59', '01941429255', NULL, '', 1, 1, 7, 5, 5, 3),
(72, 'u1', 'Elmo Ruecker', 59, 'M', '01794569202', '3036', 2, 4, '59612429', 2, 'Y', '{"1":1,"2":5,"3":5,"4":8,"5":3,"6":1}', '2014-10-26 14:38:24', '2015-02-04 22:13:59', '01931844429', NULL, '', 1, 5, 5, 8, 3, 1),
(73, 'u1', 'Loy Block', 21, 'M', '01773240729', '5038', 4, 1, '48943256', 2, 'N', '{"1":6,"2":5,"3":8,"4":2,"5":3,"6":2}', '2014-03-03 19:46:37', '2015-02-04 22:13:59', '01922616928', NULL, '', 6, 5, 8, 2, 3, 2),
(74, 'u1', 'Foster Mante III', 64, 'M', '0175679176', '2055', 5, 2, '91125437', 5, 'Y', '{"1":1,"2":6,"3":2,"4":1,"5":7,"6":8}', '2014-02-15 18:08:17', '2015-02-04 22:13:59', '01950961527', NULL, '', 1, 6, 2, 1, 7, 8),
(75, 'u1', 'Dr. Garnet Hilll DDS', 38, 'F', '01741821459', '5055', 1, 3, '33245042', 2, 'N', '{"1":8,"2":1,"3":9,"4":2,"5":3,"6":5}', '2014-10-13 19:24:42', '2015-02-04 22:13:59', '01989952185', NULL, '', 8, 1, 9, 2, 3, 5),
(76, 'u1', 'Isai Erdman', 16, 'F', '0171790507', '5054', 2, 2, '48943256', 1, 'Y', '{"1":3,"2":3,"3":6,"4":4,"5":0,"6":9}', '2014-07-08 10:26:25', '2015-02-04 22:13:59', '01993245014', NULL, '', 3, 3, 6, 4, 0, 9),
(77, 'u1', 'Ford Frami I', 55, 'M', '01746854898', '5062', 2, 4, '46913798', 1, 'Y', '{"1":8,"2":9,"3":5,"4":7,"5":8,"6":7}', '2014-08-25 14:39:21', '2015-02-04 22:13:59', '01973396175', NULL, '', 8, 9, 5, 7, 8, 7),
(78, 'u1', 'Adelia Durgan', 48, 'F', '0173141024', '3012', 1, 3, '24931737', 4, 'Y', '{"1":4,"2":4,"3":9,"4":4,"5":8,"6":1}', '2014-02-10 09:55:28', '2015-02-04 22:13:59', '01939336606', NULL, '', 4, 4, 9, 4, 8, 1),
(79, 'u1', 'Prof. Roy Schmeler', 55, 'F', '01761796512', '6031', 4, 3, '75072801', 1, 'N', '{"1":0,"2":7,"3":6,"4":3,"5":4,"6":9}', '2014-06-09 06:22:56', '2015-02-04 22:13:59', '01915083524', NULL, '', 0, 7, 6, 3, 4, 9),
(80, 'u1', 'Ernestina Olson', 41, 'F', '01729873462', '4030', 4, 1, '46913798', 3, 'N', '{"1":0,"2":1,"3":1,"4":1,"5":7,"6":3}', '2014-09-12 00:00:41', '2015-02-04 22:13:59', '01981397335', NULL, '', 0, 1, 1, 1, 7, 3),
(81, 'u1', 'Dr. Charles Schuppe PhD', 21, 'M', '01778471111', '1149', 1, 2, '56390257', 1, 'N', '{"1":9,"2":2,"3":7,"4":3,"5":6,"6":5}', '2014-09-03 18:27:06', '2015-02-04 22:13:59', '01961793761', NULL, '', 9, 2, 7, 3, 6, 5),
(82, 'u1', 'Nichole D''Amore', 26, 'M', '01739171905', '4057', 5, 1, '91426445', 5, 'Y', '{"1":5,"2":1,"3":7,"4":4,"5":9,"6":4}', '2014-11-21 07:07:28', '2015-02-04 22:13:59', '01926369224', NULL, '', 5, 1, 7, 4, 9, 4),
(83, 'u1', 'Mr. Ludwig Graham', 21, 'M', '01757410631', '1161', 4, 1, '73762365', 2, 'Y', '{"1":7,"2":5,"3":9,"4":7,"5":6,"6":4}', '2014-08-15 08:50:24', '2015-02-04 22:13:59', '01930083917', NULL, '', 7, 5, 9, 7, 6, 4),
(84, 'u1', 'Layne Kris Jr.', 29, 'F', '01778160784', '1131', 5, 2, '29676529', 3, 'Y', '{"1":7,"2":4,"3":3,"4":1,"5":7,"6":4}', '2014-04-07 20:58:52', '2015-02-04 22:13:59', '01943189048', NULL, '', 7, 4, 3, 1, 7, 4),
(85, 'u1', 'Maggie Waters', 51, 'F', '01750895099', '1062', 5, 3, '29917328', 4, 'N', '{"1":0,"2":7,"3":1,"4":3,"5":8,"6":6}', '2014-11-25 21:42:53', '2015-02-04 22:13:59', '01915645945', NULL, '', 0, 7, 1, 3, 8, 6),
(86, 'u1', 'Natasha Konopelski', 63, 'M', '01754935312', '1099', 1, 2, '13995165', 4, 'N', '{"1":7,"2":7,"3":4,"4":1,"5":2,"6":1}', '2014-12-13 22:03:42', '2015-02-04 22:13:59', '01972570191', NULL, '', 7, 7, 4, 1, 2, 1),
(87, 'u1', 'Brandon Howell', 38, 'M', '01756970158', '3011', 4, 3, '30377767', 3, 'N', '{"1":3,"2":0,"3":8,"4":9,"5":8,"6":4}', '2014-08-24 09:36:39', '2015-02-04 22:13:59', '01964299298', NULL, '', 3, 0, 8, 9, 8, 4),
(88, 'u1', 'Emilio Volkman', 60, 'F', '01765193575', '6046', 4, 2, '57379036', 2, 'Y', '{"1":5,"2":6,"3":4,"4":5,"5":3,"6":0}', '2014-03-20 11:21:51', '2015-02-04 22:13:59', '01910199756', NULL, '', 5, 6, 4, 5, 3, 0),
(89, 'u1', 'Mrs. Martina Watsica V', 51, 'M', '01717816477', '2007', 1, 1, '65920519', 4, 'N', '{"1":4,"2":4,"3":5,"4":7,"5":7,"6":7}', '2015-01-10 05:21:56', '2015-02-04 22:13:59', '01975586180', NULL, '', 4, 4, 5, 7, 7, 7),
(90, 'u1', 'Forest Price', 68, 'F', '01743392337', '5075', 5, 2, '69636080', 5, 'Y', '{"1":6,"2":4,"3":6,"4":8,"5":0,"6":3}', '2014-06-29 22:58:00', '2015-02-04 22:13:59', '01984673595', NULL, '', 6, 4, 6, 8, 0, 3),
(91, 'u1', 'Mohammad McDermott', 60, 'F', '01769800535', '4045', 2, 2, '29612725', 2, 'N', '{"1":6,"2":6,"3":7,"4":2,"5":9,"6":8}', '2014-09-12 09:27:12', '2015-02-04 22:13:59', '01985981342', NULL, '', 6, 6, 7, 2, 9, 8),
(92, 'u1', 'Mr. Eleazar Padberg PhD', 23, 'F', '01729383845', '5056', 1, 1, '59064646', 1, 'Y', '{"1":0,"2":8,"3":1,"4":7,"5":4,"6":1}', '2014-08-04 03:48:32', '2015-02-04 22:14:00', '01926930009', NULL, '', 0, 8, 1, 7, 4, 1),
(93, 'u1', 'Nigel Marks Sr.', 29, 'F', '01775995658', '2013', 1, 1, '40229999', 3, 'Y', '{"1":5,"2":8,"3":1,"4":4,"5":0,"6":5}', '2014-09-24 17:35:54', '2015-02-04 22:14:00', '01962951790', NULL, '', 5, 8, 1, 4, 0, 5),
(94, 'u1', 'Kariane Corkery', 42, 'M', '0177515283', '5074', 5, 2, '69636080', 1, 'Y', '{"1":4,"2":3,"3":0,"4":4,"5":8,"6":4}', '2014-02-16 04:45:03', '2015-02-04 22:14:00', '01943589982', NULL, '', 4, 3, 0, 4, 8, 4),
(95, 'u1', 'Beaulah Hilll III', 46, 'M', '01763458792', '2087', 4, 3, '55569071', 2, 'N', '{"1":3,"2":4,"3":7,"4":2,"5":7,"6":4}', '2014-02-26 06:23:16', '2015-02-04 22:14:00', '01974725786', NULL, '', 3, 4, 7, 2, 7, 4),
(96, 'u1', 'Jayce Jacobson', 68, 'F', '01771154977', '1097', 2, 3, '17498775', 1, 'N', '{"1":4,"2":8,"3":5,"4":3,"5":6,"6":7}', '2015-01-27 17:45:35', '2015-02-04 22:14:00', '01941162815', NULL, '', 4, 8, 5, 3, 6, 7),
(97, 'u1', 'Jared Heidenreich', 64, 'F', '01786963157', '6038', 3, 4, '11239369', 1, 'N', '{"1":6,"2":2,"3":8,"4":3,"5":5,"6":5}', '2014-10-06 17:37:09', '2015-02-04 22:14:00', '01916736635', NULL, '', 6, 2, 8, 3, 5, 5),
(98, 'u1', 'Tia Friesen', 64, 'M', '01711394420', '5058', 1, 3, '98304645', 3, 'Y', '{"1":2,"2":1,"3":5,"4":1,"5":4,"6":7}', '2014-06-15 06:22:46', '2015-02-04 22:14:00', '01971355838', NULL, '', 2, 1, 5, 1, 4, 7),
(99, 'u1', 'Blair Konopelski PhD', 27, 'F', '01768429564', '4015', 2, 3, '16617159', 5, 'Y', '{"1":1,"2":2,"3":3,"4":4,"5":6,"6":5}', '2014-05-11 09:11:12', '2015-02-04 22:14:00', '01946600684', NULL, '', 1, 2, 3, 4, 6, 5),
(100, 'u1', 'Prof. Joseph Crooks', 47, 'F', '01777771124', '1015', 4, 1, '12938792', 2, 'N', '{"1":3,"2":4,"3":8,"4":4,"5":9,"6":2}', '2014-03-22 04:36:35', '2015-02-04 22:14:00', '01960076242', NULL, '', 3, 4, 8, 4, 9, 2),
(101, NULL, NULL, NULL, NULL, NULL, NULL, NULL, NULL, NULL, NULL, NULL, NULL, '2015-02-04 22:39:44', '2015-02-04 22:39:44', '', '{"number_of_fields":"Insufficient number of fields"}', '', 0, 0, 0, 0, 0, 0);

-- --------------------------------------------------------

--
-- Table structure for table `migrations`
--

CREATE TABLE IF NOT EXISTS `migrations` (
  `migration` varchar(255) COLLATE utf8_unicode_ci NOT NULL,
  `batch` int(11) NOT NULL
) ENGINE=InnoDB DEFAULT CHARSET=utf8 COLLATE=utf8_unicode_ci;

--
-- Dumping data for table `migrations`
--

INSERT INTO `migrations` (`migration`, `batch`) VALUES
('2015_02_04_080555_create_bp_info_table', 0),
('2015_02_04_080555_create_coupon_table', 0),
('2015_02_04_080555_create_currently_used_product_table', 0),
('2015_02_04_080555_create_education_info_table', 0),
('2015_02_04_080555_create_message_table', 0),
('2015_02_04_080555_create_occupation_table', 0),
('2015_02_04_080555_create_product_code_table', 0),
('2015_02_04_080555_create_thana_table', 0),
('2015_02_05_044216_create_bp_info_table', 0),
('2015_02_05_044216_create_coupon_table', 0),
('2015_02_05_044216_create_currently_used_product_table', 0),
('2015_02_05_044216_create_education_info_table', 0),
('2015_02_05_044216_create_message_table', 0),
('2015_02_05_044216_create_occupation_table', 0),
('2015_02_05_044216_create_product_code_table', 0),
('2015_02_05_044216_create_thana_table', 0),
('2015_02_05_131042_create_bp_info_table', 0),
('2015_02_05_131042_create_coupon_table', 0),
('2015_02_05_131042_create_currently_used_product_table', 0),
('2015_02_05_131042_create_education_info_table', 0),
('2015_02_05_131042_create_message_table', 0),
('2015_02_05_131042_create_occupation_table', 0),
('2015_02_05_131042_create_product_code_table', 0),
('2015_02_05_131042_create_thana_table', 0);

-- --------------------------------------------------------

--
-- Table structure for table `occupation`
--

CREATE TABLE IF NOT EXISTS `occupation` (
  `id` int(10) unsigned NOT NULL AUTO_INCREMENT,
  `occupation_name` varchar(20) COLLATE utf8_unicode_ci NOT NULL,
  `created_at` timestamp NOT NULL DEFAULT CURRENT_TIMESTAMP ON UPDATE CURRENT_TIMESTAMP,
  `updated_at` timestamp NOT NULL DEFAULT '0000-00-00 00:00:00',
  PRIMARY KEY (`id`)
) ENGINE=InnoDB  DEFAULT CHARSET=utf8 COLLATE=utf8_unicode_ci AUTO_INCREMENT=5 ;

--
-- Dumping data for table `occupation`
--

INSERT INTO `occupation` (`id`, `occupation_name`, `created_at`, `updated_at`) VALUES
(1, 'Student', '2015-02-03 07:26:53', '0000-00-00 00:00:00'),
(2, 'Housewife', '2015-02-03 07:26:53', '0000-00-00 00:00:00'),
(3, 'Service Holder', '2015-02-03 07:26:53', '0000-00-00 00:00:00'),
(4, 'Owner of a Business', '2015-02-03 07:26:53', '0000-00-00 00:00:00');

-- --------------------------------------------------------

--
-- Table structure for table `product_code`
--

CREATE TABLE IF NOT EXISTS `product_code` (
  `id` int(10) unsigned NOT NULL AUTO_INCREMENT,
  `code` varchar(10) COLLATE utf8_unicode_ci NOT NULL,
  `name` varchar(100) COLLATE utf8_unicode_ci NOT NULL,
  `created_at` timestamp NOT NULL DEFAULT CURRENT_TIMESTAMP ON UPDATE CURRENT_TIMESTAMP,
  `updated_at` timestamp NOT NULL DEFAULT '0000-00-00 00:00:00',
  PRIMARY KEY (`id`)
) ENGINE=InnoDB  DEFAULT CHARSET=utf8 COLLATE=utf8_unicode_ci AUTO_INCREMENT=7 ;

--
-- Dumping data for table `product_code`
--

INSERT INTO `product_code` (`id`, `code`, `name`, `created_at`, `updated_at`) VALUES
(1, 'FAL', 'Fair & Lovely Facewash 50g', '2015-02-03 07:18:07', '0000-00-00 00:00:00'),
(2, 'PDF', 'Ponds Daily Facewash 60g ', '2015-02-03 07:18:07', '0000-00-00 00:00:00'),
(3, 'PWB', 'Ponds White Beauty Facewash 50g ', '2015-02-03 07:19:33', '0000-00-00 00:00:00'),
(4, 'PNS', 'Ponds Nourishing Scrub Facewash 110g ', '2015-02-03 07:20:15', '0000-00-00 00:00:00'),
(5, 'PPC', 'Ponds Pimple Clear White Facewash 50g ', '2015-02-03 07:20:15', '0000-00-00 00:00:00'),
(6, 'DBM', 'Dove Beauty Moisture Facewash 50g ', '2015-02-03 07:20:35', '0000-00-00 00:00:00');

-- --------------------------------------------------------

--
-- Table structure for table `thana`
--

CREATE TABLE IF NOT EXISTS `thana` (
  `id` int(10) unsigned NOT NULL AUTO_INCREMENT,
  `division` varchar(15) COLLATE utf8_unicode_ci NOT NULL,
  `district` varchar(15) COLLATE utf8_unicode_ci NOT NULL,
  `thana_name` varchar(15) COLLATE utf8_unicode_ci NOT NULL,
  `thana_code` varchar(15) COLLATE utf8_unicode_ci NOT NULL,
  `created_at` timestamp NOT NULL DEFAULT CURRENT_TIMESTAMP ON UPDATE CURRENT_TIMESTAMP,
  `updated_at` timestamp NOT NULL DEFAULT '0000-00-00 00:00:00',
  PRIMARY KEY (`id`)
) ENGINE=InnoDB  DEFAULT CHARSET=utf8 COLLATE=utf8_unicode_ci AUTO_INCREMENT=600 ;

--
-- Dumping data for table `thana`
--

INSERT INTO `thana` (`id`, `division`, `district`, `thana_name`, `thana_code`, `created_at`, `updated_at`) VALUES
(1, 'Dhaka', 'Dhaka', 'Adabar', '1001', '2015-02-03 07:14:17', '0000-00-00 00:00:00'),
(2, 'Dhaka', 'Dhaka', 'Airport', '1002', '2015-02-03 07:14:17', '0000-00-00 00:00:00'),
(3, 'Dhaka', 'Dhaka', 'Ashulia', '1003', '2015-02-03 07:14:17', '0000-00-00 00:00:00'),
(4, 'Dhaka', 'Dhaka', 'Badda', '1004', '2015-02-03 07:14:17', '0000-00-00 00:00:00'),
(5, 'Dhaka', 'Dhaka', 'Bangshal', '1005', '2015-02-03 07:14:17', '0000-00-00 00:00:00'),
(6, 'Dhaka', 'Dhaka', 'Cantonment', '1006', '2015-02-03 07:14:17', '0000-00-00 00:00:00'),
(7, 'Dhaka', 'Dhaka', 'Chak Bazar', '1007', '2015-02-03 07:14:17', '0000-00-00 00:00:00'),
(8, 'Dhaka', 'Dhaka', 'Dakshin-Khan', '1008', '2015-02-03 07:14:17', '0000-00-00 00:00:00'),
(9, 'Dhaka', 'Dhaka', 'Darus-Salam', '1009', '2015-02-03 07:14:17', '0000-00-00 00:00:00'),
(10, 'Dhaka', 'Dhaka', 'Demra', '1010', '2015-02-03 07:14:17', '0000-00-00 00:00:00'),
(11, 'Dhaka', 'Dhaka', 'Dhamrai', '1011', '2015-02-03 07:14:17', '0000-00-00 00:00:00'),
(12, 'Dhaka', 'Dhaka', 'Dhanmondi', '1012', '2015-02-03 07:14:17', '0000-00-00 00:00:00'),
(13, 'Dhaka', 'Dhaka', 'Dohar', '1013', '2015-02-03 07:14:17', '0000-00-00 00:00:00'),
(14, 'Dhaka', 'Dhaka', 'Gendaria', '1014', '2015-02-03 07:14:17', '0000-00-00 00:00:00'),
(15, 'Dhaka', 'Dhaka', 'Gulshan', '1015', '2015-02-03 07:14:17', '0000-00-00 00:00:00'),
(16, 'Dhaka', 'Dhaka', 'Hazaribagh', '1016', '2015-02-03 07:14:17', '0000-00-00 00:00:00'),
(17, 'Dhaka', 'Dhaka', 'Jatrabari', '1017', '2015-02-03 07:14:17', '0000-00-00 00:00:00'),
(18, 'Dhaka', 'Dhaka', 'Kadam tali', '1018', '2015-02-03 07:14:17', '0000-00-00 00:00:00'),
(19, 'Dhaka', 'Dhaka', 'Kafrul', '1019', '2015-02-03 07:14:17', '0000-00-00 00:00:00'),
(20, 'Dhaka', 'Dhaka', 'Kalabagan', '1020', '2015-02-03 07:14:17', '0000-00-00 00:00:00'),
(21, 'Dhaka', 'Dhaka', 'Kamrangir Char', '1021', '2015-02-03 07:14:17', '0000-00-00 00:00:00'),
(22, 'Dhaka', 'Dhaka', 'Keraniganj', '1022', '2015-02-03 07:14:17', '0000-00-00 00:00:00'),
(23, 'Dhaka', 'Dhaka', 'Khilgaon', '1023', '2015-02-03 07:14:17', '0000-00-00 00:00:00'),
(24, 'Dhaka', 'Dhaka', 'Khilkhet', '1024', '2015-02-03 07:14:17', '0000-00-00 00:00:00'),
(25, 'Dhaka', 'Dhaka', 'Kotwali', '1025', '2015-02-03 07:14:17', '0000-00-00 00:00:00'),
(26, 'Dhaka', 'Dhaka', 'Lalbagh', '1026', '2015-02-03 07:14:17', '0000-00-00 00:00:00'),
(27, 'Dhaka', 'Dhaka', 'Mirpur', '1027', '2015-02-03 07:14:17', '0000-00-00 00:00:00'),
(28, 'Dhaka', 'Dhaka', 'Mohammadpur', '1028', '2015-02-03 07:14:17', '0000-00-00 00:00:00'),
(29, 'Dhaka', 'Dhaka', 'Motijheel', '1029', '2015-02-03 07:14:17', '0000-00-00 00:00:00'),
(30, 'Dhaka', 'Dhaka', 'Nawabganj', '1030', '2015-02-03 07:14:17', '0000-00-00 00:00:00'),
(31, 'Dhaka', 'Dhaka', 'New Market', '1031', '2015-02-03 07:14:17', '0000-00-00 00:00:00'),
(32, 'Dhaka', 'Dhaka', 'Pallabi', '1032', '2015-02-03 07:14:17', '0000-00-00 00:00:00'),
(33, 'Dhaka', 'Dhaka', 'Paltan', '1033', '2015-02-03 07:14:17', '0000-00-00 00:00:00'),
(34, 'Dhaka', 'Dhaka', 'Ramna', '1034', '2015-02-03 07:14:17', '0000-00-00 00:00:00'),
(35, 'Dhaka', 'Dhaka', 'Rampura', '1035', '2015-02-03 07:14:17', '0000-00-00 00:00:00'),
(36, 'Dhaka', 'Dhaka', 'Sabujbagh', '1036', '2015-02-03 07:14:17', '0000-00-00 00:00:00'),
(37, 'Dhaka', 'Dhaka', 'Savar', '1037', '2015-02-03 07:14:17', '0000-00-00 00:00:00'),
(38, 'Dhaka', 'Dhaka', 'Shah Ali', '1038', '2015-02-03 07:14:17', '0000-00-00 00:00:00'),
(39, 'Dhaka', 'Dhaka', 'Shahbag', '1039', '2015-02-03 07:14:17', '0000-00-00 00:00:00'),
(40, 'Dhaka', 'Dhaka', 'Sher-E-Bangla\nN', '1040', '2015-02-03 07:14:17', '0000-00-00 00:00:00'),
(41, 'Dhaka', 'Dhaka', 'Shyampur ', '1041', '2015-02-03 07:14:17', '0000-00-00 00:00:00'),
(42, 'Dhaka', 'Dhaka', 'Sutrapur', '1042', '2015-02-03 07:14:17', '0000-00-00 00:00:00'),
(43, 'Dhaka', 'Dhaka', 'Tejgaon', '1043', '2015-02-03 07:14:17', '0000-00-00 00:00:00'),
(44, 'Dhaka', 'Dhaka', 'Tejgaon I/A', '1044', '2015-02-03 07:14:17', '0000-00-00 00:00:00'),
(45, 'Dhaka', 'Dhaka', 'Turag ', '1045', '2015-02-03 07:14:17', '0000-00-00 00:00:00'),
(46, 'Dhaka', 'Dhaka', 'Uttara', '1046', '2015-02-03 07:14:17', '0000-00-00 00:00:00'),
(47, 'Dhaka', 'Dhaka', 'Uttar-Khan', '1047', '2015-02-03 07:14:17', '0000-00-00 00:00:00'),
(48, 'Dhaka', 'Faridpur', 'Alfadanga', '1048', '2015-02-03 07:14:17', '0000-00-00 00:00:00'),
(49, 'Dhaka', 'Faridpur', 'Bhanga', '1049', '2015-02-03 07:14:17', '0000-00-00 00:00:00'),
(50, 'Dhaka', 'Faridpur', 'Boalmari', '1050', '2015-02-03 07:14:17', '0000-00-00 00:00:00'),
(51, 'Dhaka', 'Faridpur', 'Charbhadrasan', '1051', '2015-02-03 07:14:17', '0000-00-00 00:00:00'),
(52, 'Dhaka', 'Faridpur', 'Faridpur Sadar', '1052', '2015-02-03 07:14:17', '0000-00-00 00:00:00'),
(53, 'Dhaka', 'Faridpur', 'Madhukhali', '1053', '2015-02-03 07:14:17', '0000-00-00 00:00:00'),
(54, 'Dhaka', 'Faridpur', 'Nagarkanda', '1054', '2015-02-03 07:14:17', '0000-00-00 00:00:00'),
(55, 'Dhaka', 'Faridpur', 'Sadarpur', '1055', '2015-02-03 07:14:17', '0000-00-00 00:00:00'),
(56, 'Dhaka', 'Faridpur', 'Saltha', '1056', '2015-02-03 07:14:17', '0000-00-00 00:00:00'),
(57, 'Dhaka', 'Faridpur', 'Shriangan', '1057', '2015-02-03 07:14:17', '0000-00-00 00:00:00'),
(58, 'Dhaka', 'Gazipur', 'Gazipur Sadar', '1058', '2015-02-03 07:14:17', '0000-00-00 00:00:00'),
(59, 'Dhaka', 'Gazipur', 'Joydebpur', '1059', '2015-02-03 07:14:17', '0000-00-00 00:00:00'),
(60, 'Dhaka', 'Gazipur', 'Kaliakair', '1060', '2015-02-03 07:14:17', '0000-00-00 00:00:00'),
(61, 'Dhaka', 'Gazipur', 'Kaliganj', '1061', '2015-02-03 07:14:17', '0000-00-00 00:00:00'),
(62, 'Dhaka', 'Gazipur', 'Kapasia', '1062', '2015-02-03 07:14:17', '0000-00-00 00:00:00'),
(63, 'Dhaka', 'Gazipur', 'Monnunagar', '1063', '2015-02-03 07:14:17', '0000-00-00 00:00:00'),
(64, 'Dhaka', 'Gazipur', 'Sreepur', '1064', '2015-02-03 07:14:17', '0000-00-00 00:00:00'),
(65, 'Dhaka', 'Gazipur', 'Tongi', '1065', '2015-02-03 07:14:17', '0000-00-00 00:00:00'),
(66, 'Dhaka', 'Gopalganj', 'Gopalganj Sadar', '1066', '2015-02-03 07:14:17', '0000-00-00 00:00:00'),
(67, 'Dhaka', 'Gopalganj', 'Kashiani', '1067', '2015-02-03 07:14:17', '0000-00-00 00:00:00'),
(68, 'Dhaka', 'Gopalganj', 'Kotalipara', '1068', '2015-02-03 07:14:17', '0000-00-00 00:00:00'),
(69, 'Dhaka', 'Gopalganj', 'Muksudpur', '1069', '2015-02-03 07:14:17', '0000-00-00 00:00:00'),
(70, 'Dhaka', 'Gopalganj', 'Tungipara', '1070', '2015-02-03 07:14:17', '0000-00-00 00:00:00'),
(71, 'Dhaka', 'Jamalpur', 'Bahadurabad', '1071', '2015-02-03 07:14:17', '0000-00-00 00:00:00'),
(72, 'Dhaka', 'Jamalpur', 'Baksiganj', '1072', '2015-02-03 07:14:17', '0000-00-00 00:00:00'),
(73, 'Dhaka', 'Jamalpur', 'Dewanganj', '1073', '2015-02-03 07:14:17', '0000-00-00 00:00:00'),
(74, 'Dhaka', 'Jamalpur', 'Islampur', '1074', '2015-02-03 07:14:17', '0000-00-00 00:00:00'),
(75, 'Dhaka', 'Jamalpur', 'Jamalpur Sadar', '1075', '2015-02-03 07:14:17', '0000-00-00 00:00:00'),
(76, 'Dhaka', 'Jamalpur', 'Madarganj', '1076', '2015-02-03 07:14:17', '0000-00-00 00:00:00'),
(77, 'Dhaka', 'Jamalpur', 'Melandaha', '1077', '2015-02-03 07:14:17', '0000-00-00 00:00:00'),
(78, 'Dhaka', 'Jamalpur', 'Sarishabari', '1078', '2015-02-03 07:14:17', '0000-00-00 00:00:00'),
(79, 'Dhaka', 'Kishoreganj', 'Astagram', '1079', '2015-02-03 07:14:17', '0000-00-00 00:00:00'),
(80, 'Dhaka', 'Kishoreganj', 'Bajitpur', '1080', '2015-02-03 07:14:17', '0000-00-00 00:00:00'),
(81, 'Dhaka', 'Kishoreganj', 'Bhairab', '1081', '2015-02-03 07:14:17', '0000-00-00 00:00:00'),
(82, 'Dhaka', 'Kishoreganj', 'Hossainpur', '1082', '2015-02-03 07:14:17', '0000-00-00 00:00:00'),
(83, 'Dhaka', 'Kishoreganj', 'Itna', '1083', '2015-02-03 07:14:17', '0000-00-00 00:00:00'),
(84, 'Dhaka', 'Kishoreganj', 'Karimganj', '1084', '2015-02-03 07:14:17', '0000-00-00 00:00:00'),
(85, 'Dhaka', 'Kishoreganj', 'Katiadi', '1085', '2015-02-03 07:14:17', '0000-00-00 00:00:00'),
(86, 'Dhaka', 'Kishoreganj', 'Kishoreganj Sad', '1086', '2015-02-03 07:14:17', '0000-00-00 00:00:00'),
(87, 'Dhaka', 'Kishoreganj', 'Kuliarchar', '1087', '2015-02-03 07:14:17', '0000-00-00 00:00:00'),
(88, 'Dhaka', 'Kishoreganj', 'Mithamain', '1088', '2015-02-03 07:14:17', '0000-00-00 00:00:00'),
(89, 'Dhaka', 'Kishoreganj', 'Nikli', '1089', '2015-02-03 07:14:17', '0000-00-00 00:00:00'),
(90, 'Dhaka', 'Kishoreganj', 'Pakundia', '1090', '2015-02-03 07:14:17', '0000-00-00 00:00:00'),
(91, 'Dhaka', 'Kishoreganj', 'Tarail', '1091', '2015-02-03 07:14:17', '0000-00-00 00:00:00'),
(92, 'Dhaka', 'Madaripur', 'Kalkini', '1092', '2015-02-03 07:14:17', '0000-00-00 00:00:00'),
(93, 'Dhaka', 'Madaripur', 'Madaripur Sadar', '1093', '2015-02-03 07:14:17', '0000-00-00 00:00:00'),
(94, 'Dhaka', 'Madaripur', 'Rajoir', '1094', '2015-02-03 07:14:17', '0000-00-00 00:00:00'),
(95, 'Dhaka', 'Madaripur', 'Shibchar', '1095', '2015-02-03 07:14:17', '0000-00-00 00:00:00'),
(96, 'Dhaka', 'Manikganj', 'Daulatpur', '1096', '2015-02-03 07:14:17', '0000-00-00 00:00:00'),
(97, 'Dhaka', 'Manikganj', 'Ghior', '1097', '2015-02-03 07:14:17', '0000-00-00 00:00:00'),
(98, 'Dhaka', 'Manikganj', 'Harirampur', '1098', '2015-02-03 07:14:17', '0000-00-00 00:00:00'),
(99, 'Dhaka', 'Manikganj', 'Manikgonj Sadar', '1099', '2015-02-03 07:14:17', '0000-00-00 00:00:00'),
(100, 'Dhaka', 'Manikganj', 'Saturia', '1100', '2015-02-03 07:14:17', '0000-00-00 00:00:00'),
(101, 'Dhaka', 'Manikganj', 'Shivalaya', '1101', '2015-02-03 07:14:17', '0000-00-00 00:00:00'),
(102, 'Dhaka', 'Manikganj', 'Singair', '1102', '2015-02-03 07:14:17', '0000-00-00 00:00:00'),
(103, 'Dhaka', 'Munshiganj', 'Gazaria', '1103', '2015-02-03 07:14:17', '0000-00-00 00:00:00'),
(104, 'Dhaka', 'Munshiganj', 'Lohajang', '1104', '2015-02-03 07:14:17', '0000-00-00 00:00:00'),
(105, 'Dhaka', 'Munshiganj', 'Maoaghat', '1105', '2015-02-03 07:14:17', '0000-00-00 00:00:00'),
(106, 'Dhaka', 'Munshiganj', 'Munshiganj Sada', '1106', '2015-02-03 07:14:17', '0000-00-00 00:00:00'),
(107, 'Dhaka', 'Munshiganj', 'Sirajdikhan', '1107', '2015-02-03 07:14:17', '0000-00-00 00:00:00'),
(108, 'Dhaka', 'Munshiganj', 'Sreenagar', '1108', '2015-02-03 07:14:17', '0000-00-00 00:00:00'),
(109, 'Dhaka', 'Munshiganj', 'Tongibari', '1109', '2015-02-03 07:14:17', '0000-00-00 00:00:00'),
(110, 'Dhaka', 'Mymensingh', 'Bhaluka', '1110', '2015-02-03 07:14:17', '0000-00-00 00:00:00'),
(111, 'Dhaka', 'Mymensingh', 'Dhobaura', '1111', '2015-02-03 07:14:17', '0000-00-00 00:00:00'),
(112, 'Dhaka', 'Mymensingh', 'Fulbaria', '1112', '2015-02-03 07:14:17', '0000-00-00 00:00:00'),
(113, 'Dhaka', 'Mymensingh', 'Gaffargaon', '1113', '2015-02-03 07:14:17', '0000-00-00 00:00:00'),
(114, 'Dhaka', 'Mymensingh', 'Gauripur', '1114', '2015-02-03 07:14:17', '0000-00-00 00:00:00'),
(115, 'Dhaka', 'Mymensingh', 'Haluaghat', '1115', '2015-02-03 07:14:17', '0000-00-00 00:00:00'),
(116, 'Dhaka', 'Mymensingh', 'Ishwarganj', '1116', '2015-02-03 07:14:17', '0000-00-00 00:00:00'),
(117, 'Dhaka', 'Mymensingh', 'Muktagachha', '1117', '2015-02-03 07:14:17', '0000-00-00 00:00:00'),
(118, 'Dhaka', 'Mymensingh', 'Mymensingh Sada', '1118', '2015-02-03 07:14:17', '0000-00-00 00:00:00'),
(119, 'Dhaka', 'Mymensingh', 'Nandail', '1119', '2015-02-03 07:14:17', '0000-00-00 00:00:00'),
(120, 'Dhaka', 'Mymensingh', 'Phulpur', '1120', '2015-02-03 07:14:17', '0000-00-00 00:00:00'),
(121, 'Dhaka', 'Mymensingh', 'Tara Khanda', '1121', '2015-02-03 07:14:17', '0000-00-00 00:00:00'),
(122, 'Dhaka', 'Mymensingh', 'Trishal', '1122', '2015-02-03 07:14:17', '0000-00-00 00:00:00'),
(123, 'Dhaka', 'Narayanganj', 'Araihazar', '1123', '2015-02-03 07:14:17', '0000-00-00 00:00:00'),
(124, 'Dhaka', 'Narayanganj', 'Baidyer Bazar', '1124', '2015-02-03 07:14:17', '0000-00-00 00:00:00'),
(125, 'Dhaka', 'Narayanganj', 'Bandar', '1125', '2015-02-03 07:14:17', '0000-00-00 00:00:00'),
(126, 'Dhaka', 'Narayanganj', 'Fatullah', '1126', '2015-02-03 07:14:17', '0000-00-00 00:00:00'),
(127, 'Dhaka', 'Narayanganj', 'Narayanganj Sad', '1127', '2015-02-03 07:14:17', '0000-00-00 00:00:00'),
(128, 'Dhaka', 'Narayanganj', 'Rupganj', '1128', '2015-02-03 07:14:17', '0000-00-00 00:00:00'),
(129, 'Dhaka', 'Narayanganj', 'Siddhirganj', '1129', '2015-02-03 07:14:17', '0000-00-00 00:00:00'),
(130, 'Dhaka', 'Narayanganj', 'Sonargaon', '1130', '2015-02-03 07:14:17', '0000-00-00 00:00:00'),
(131, 'Dhaka', 'Narsingdi', 'Belabo', '1131', '2015-02-03 07:14:17', '0000-00-00 00:00:00'),
(132, 'Dhaka', 'Narsingdi', 'Madhabdi', '1132', '2015-02-03 07:14:17', '0000-00-00 00:00:00'),
(133, 'Dhaka', 'Narsingdi', 'Monohardi', '1133', '2015-02-03 07:14:17', '0000-00-00 00:00:00'),
(134, 'Dhaka', 'Narsingdi', 'Narsingdi Sadar', '1134', '2015-02-03 07:14:17', '0000-00-00 00:00:00'),
(135, 'Dhaka', 'Narsingdi', 'Palash', '1135', '2015-02-03 07:14:17', '0000-00-00 00:00:00'),
(136, 'Dhaka', 'Narsingdi', 'Raipura', '1136', '2015-02-03 07:14:17', '0000-00-00 00:00:00'),
(137, 'Dhaka', 'Narsingdi', 'Shibpur', '1137', '2015-02-03 07:14:17', '0000-00-00 00:00:00'),
(138, 'Dhaka', 'Netrokona', 'Atpara', '1138', '2015-02-03 07:14:17', '0000-00-00 00:00:00'),
(139, 'Dhaka', 'Netrokona', 'Barhatta', '1139', '2015-02-03 07:14:17', '0000-00-00 00:00:00'),
(140, 'Dhaka', 'Netrokona', 'Dharmapasha', '1140', '2015-02-03 07:14:17', '0000-00-00 00:00:00'),
(141, 'Dhaka', 'Netrokona', 'Dhobaura', '1141', '2015-02-03 07:14:17', '0000-00-00 00:00:00'),
(142, 'Dhaka', 'Netrokona', 'Durgapur', '1142', '2015-02-03 07:14:17', '0000-00-00 00:00:00'),
(143, 'Dhaka', 'Netrokona', 'Kalmakanda', '1143', '2015-02-03 07:14:17', '0000-00-00 00:00:00'),
(144, 'Dhaka', 'Netrokona', 'Kendua', '1144', '2015-02-03 07:14:17', '0000-00-00 00:00:00'),
(145, 'Dhaka', 'Netrokona', 'Khaliajuri', '1145', '2015-02-03 07:14:17', '0000-00-00 00:00:00'),
(146, 'Dhaka', 'Netrokona', 'Madan', '1146', '2015-02-03 07:14:17', '0000-00-00 00:00:00'),
(147, 'Dhaka', 'Netrokona', 'Madhanagar', '1147', '2015-02-03 07:14:17', '0000-00-00 00:00:00'),
(148, 'Dhaka', 'Netrokona', 'Mohanganj', '1148', '2015-02-03 07:14:17', '0000-00-00 00:00:00'),
(149, 'Dhaka', 'Netrokona', 'Netrokona Sadar', '1149', '2015-02-03 07:14:17', '0000-00-00 00:00:00'),
(150, 'Dhaka', 'Netrokona', 'Purbadhala', '1150', '2015-02-03 07:14:17', '0000-00-00 00:00:00'),
(151, 'Dhaka', 'Netrokona', 'Susang', '1151', '2015-02-03 07:14:17', '0000-00-00 00:00:00'),
(152, 'Dhaka', 'Rajbari', 'Baliakandi', '1152', '2015-02-03 07:14:17', '0000-00-00 00:00:00'),
(153, 'Dhaka', 'Rajbari', 'Goalandaghat', '1153', '2015-02-03 07:14:17', '0000-00-00 00:00:00'),
(154, 'Dhaka', 'Rajbari', 'Kalukhali', '1154', '2015-02-03 07:14:17', '0000-00-00 00:00:00'),
(155, 'Dhaka', 'Rajbari', 'Pangsha', '1155', '2015-02-03 07:14:17', '0000-00-00 00:00:00'),
(156, 'Dhaka', 'Rajbari', 'Rajbari Sadar', '1156', '2015-02-03 07:14:17', '0000-00-00 00:00:00'),
(157, 'Dhaka', 'Shariatpur', 'Bhedarganj', '1157', '2015-02-03 07:14:17', '0000-00-00 00:00:00'),
(158, 'Dhaka', 'Shariatpur', 'Damudya', '1158', '2015-02-03 07:14:17', '0000-00-00 00:00:00'),
(159, 'Dhaka', 'Shariatpur', 'Gosairhat', '1159', '2015-02-03 07:14:17', '0000-00-00 00:00:00'),
(160, 'Dhaka', 'Shariatpur', 'Naria', '1160', '2015-02-03 07:14:17', '0000-00-00 00:00:00'),
(161, 'Dhaka', 'Shariatpur', 'Shakhipur', '1161', '2015-02-03 07:14:17', '0000-00-00 00:00:00'),
(162, 'Dhaka', 'Shariatpur', 'Shariatpur Sada', '1162', '2015-02-03 07:14:17', '0000-00-00 00:00:00'),
(163, 'Dhaka', 'Shariatpur', 'Zanjira', '1163', '2015-02-03 07:14:17', '0000-00-00 00:00:00'),
(164, 'Dhaka', 'Sherpur', 'Bakshigonj', '1164', '2015-02-03 07:14:17', '0000-00-00 00:00:00'),
(165, 'Dhaka', 'Sherpur', 'Jhenaigati', '1165', '2015-02-03 07:14:17', '0000-00-00 00:00:00'),
(166, 'Dhaka', 'Sherpur', 'Nakla', '1166', '2015-02-03 07:14:17', '0000-00-00 00:00:00'),
(167, 'Dhaka', 'Sherpur', 'Nalitabari', '1167', '2015-02-03 07:14:17', '0000-00-00 00:00:00'),
(168, 'Dhaka', 'Sherpur', 'Sherpur Sadar', '1168', '2015-02-03 07:14:17', '0000-00-00 00:00:00'),
(169, 'Dhaka', 'Sherpur', 'Sreebardi', '1169', '2015-02-03 07:14:17', '0000-00-00 00:00:00'),
(170, 'Dhaka', 'Tangail', 'Basail', '1170', '2015-02-03 07:14:17', '0000-00-00 00:00:00'),
(171, 'Dhaka', 'Tangail', 'Bhuapur', '1171', '2015-02-03 07:14:17', '0000-00-00 00:00:00'),
(172, 'Dhaka', 'Tangail', 'Delduar', '1172', '2015-02-03 07:14:17', '0000-00-00 00:00:00'),
(173, 'Dhaka', 'Tangail', 'Dhanbari', '1173', '2015-02-03 07:14:17', '0000-00-00 00:00:00'),
(174, 'Dhaka', 'Tangail', 'Ghatail', '1174', '2015-02-03 07:14:17', '0000-00-00 00:00:00'),
(175, 'Dhaka', 'Tangail', 'Gopalpur', '1175', '2015-02-03 07:14:17', '0000-00-00 00:00:00'),
(176, 'Dhaka', 'Tangail', 'Kalihati', '1176', '2015-02-03 07:14:17', '0000-00-00 00:00:00'),
(177, 'Dhaka', 'Tangail', 'Madhupur', '1177', '2015-02-03 07:14:17', '0000-00-00 00:00:00'),
(178, 'Dhaka', 'Tangail', 'Mirzapur', '1178', '2015-02-03 07:14:17', '0000-00-00 00:00:00'),
(179, 'Dhaka', 'Tangail', 'Nagarpur', '1179', '2015-02-03 07:14:17', '0000-00-00 00:00:00'),
(180, 'Dhaka', 'Tangail', 'Sakhipur', '1180', '2015-02-03 07:14:17', '0000-00-00 00:00:00'),
(181, 'Dhaka', 'Tangail', 'Tangail Sadar', '1181', '2015-02-03 07:14:17', '0000-00-00 00:00:00'),
(182, 'Chittagong', 'Bandarban', 'Ali Kadam', '2001', '2015-02-03 07:14:17', '0000-00-00 00:00:00'),
(183, 'Chittagong', 'Bandarban', 'Baishari', '2002', '2015-02-03 07:14:17', '0000-00-00 00:00:00'),
(184, 'Chittagong', 'Bandarban', 'Bandarban Sadar', '2003', '2015-02-03 07:14:17', '0000-00-00 00:00:00'),
(185, 'Chittagong', 'Bandarban', 'Lama', '2004', '2015-02-03 07:14:17', '0000-00-00 00:00:00'),
(186, 'Chittagong', 'Bandarban', 'Naikhongchhari', '2005', '2015-02-03 07:14:17', '0000-00-00 00:00:00'),
(187, 'Chittagong', 'Bandarban', 'Rowangchhari', '2006', '2015-02-03 07:14:17', '0000-00-00 00:00:00'),
(188, 'Chittagong', 'Bandarban', 'Ruma', '2007', '2015-02-03 07:14:17', '0000-00-00 00:00:00'),
(189, 'Chittagong', 'Bandarban', 'Thanchi', '2008', '2015-02-03 07:14:17', '0000-00-00 00:00:00'),
(190, 'Chittagong', 'Brahmanbaria', 'Akhaura', '2009', '2015-02-03 07:14:17', '0000-00-00 00:00:00'),
(191, 'Chittagong', 'Brahmanbaria', 'Ashuganj', '2010', '2015-02-03 07:14:17', '0000-00-00 00:00:00'),
(192, 'Chittagong', 'Brahmanbaria', 'Bancharampur', '2011', '2015-02-03 07:14:17', '0000-00-00 00:00:00'),
(193, 'Chittagong', 'Brahmanbaria', 'Bijoynagar', '2012', '2015-02-03 07:14:17', '0000-00-00 00:00:00'),
(194, 'Chittagong', 'Brahmanbaria', 'Brahmanbaria Sa', '2013', '2015-02-03 07:14:17', '0000-00-00 00:00:00'),
(195, 'Chittagong', 'Brahmanbaria', 'Kasba', '2014', '2015-02-03 07:14:17', '0000-00-00 00:00:00'),
(196, 'Chittagong', 'Brahmanbaria', 'Nabinagar', '2015', '2015-02-03 07:14:17', '0000-00-00 00:00:00'),
(197, 'Chittagong', 'Brahmanbaria', 'Nasirnagar', '2016', '2015-02-03 07:14:17', '0000-00-00 00:00:00'),
(198, 'Chittagong', 'Brahmanbaria', 'Sarail', '2017', '2015-02-03 07:14:17', '0000-00-00 00:00:00'),
(199, 'Chittagong', 'Chandpur', 'Chandpur Sadar', '2018', '2015-02-03 07:14:17', '0000-00-00 00:00:00'),
(200, 'Chittagong', 'Chandpur', 'Faridganj', '2019', '2015-02-03 07:14:17', '0000-00-00 00:00:00'),
(201, 'Chittagong', 'Chandpur', 'Haimchar', '2020', '2015-02-03 07:14:17', '0000-00-00 00:00:00'),
(202, 'Chittagong', 'Chandpur', 'Haziganj', '2021', '2015-02-03 07:14:17', '0000-00-00 00:00:00'),
(203, 'Chittagong', 'Chandpur', 'Kachua', '2022', '2015-02-03 07:14:17', '0000-00-00 00:00:00'),
(204, 'Chittagong', 'Chandpur', 'Matlab Dakshin', '2023', '2015-02-03 07:14:17', '0000-00-00 00:00:00'),
(205, 'Chittagong', 'Chandpur', 'Matlab Uttar', '2024', '2015-02-03 07:14:17', '0000-00-00 00:00:00'),
(206, 'Chittagong', 'Chandpur', 'Shahrasti', '2025', '2015-02-03 07:14:17', '0000-00-00 00:00:00'),
(207, 'Chittagong', 'Chittagong', 'Akbarshah', '2026', '2015-02-03 07:14:17', '0000-00-00 00:00:00'),
(208, 'Chittagong', 'Chittagong', 'Anderkilla', '2027', '2015-02-03 07:14:17', '0000-00-00 00:00:00'),
(209, 'Chittagong', 'Chittagong', 'Anwara', '2028', '2015-02-03 07:14:17', '0000-00-00 00:00:00'),
(210, 'Chittagong', 'Chittagong', 'Baklia', '2029', '2015-02-03 07:14:17', '0000-00-00 00:00:00'),
(211, 'Chittagong', 'Chittagong', 'Bandor (Chittag', '2030', '2015-02-03 07:14:17', '0000-00-00 00:00:00'),
(212, 'Chittagong', 'Chittagong', 'Banshkhali', '2031', '2015-02-03 07:14:17', '0000-00-00 00:00:00'),
(213, 'Chittagong', 'Chittagong', 'Bayejid Bostami', '2032', '2015-02-03 07:14:17', '0000-00-00 00:00:00'),
(214, 'Chittagong', 'Chittagong', 'Bhujupur', '2033', '2015-02-03 07:14:17', '0000-00-00 00:00:00'),
(215, 'Chittagong', 'Chittagong', 'Boalkhali', '2034', '2015-02-03 07:14:17', '0000-00-00 00:00:00'),
(216, 'Chittagong', 'Chittagong', 'Chandanaish', '2035', '2015-02-03 07:14:17', '0000-00-00 00:00:00'),
(217, 'Chittagong', 'Chittagong', 'Chandgaon', '2036', '2015-02-03 07:14:17', '0000-00-00 00:00:00'),
(218, 'Chittagong', 'Chittagong', 'Chawkbazar', '2037', '2015-02-03 07:14:17', '0000-00-00 00:00:00'),
(219, 'Chittagong', 'Chittagong', 'Double Morring', '2038', '2015-02-03 07:14:17', '0000-00-00 00:00:00'),
(220, 'Chittagong', 'Chittagong', 'EPZ', '2039', '2015-02-03 07:14:17', '0000-00-00 00:00:00'),
(221, 'Chittagong', 'Chittagong', 'Fatikchhari', '2040', '2015-02-03 07:14:17', '0000-00-00 00:00:00'),
(222, 'Chittagong', 'Chittagong', 'Halishahar', '2041', '2015-02-03 07:14:17', '0000-00-00 00:00:00'),
(223, 'Chittagong', 'Chittagong', 'Hathazari', '2042', '2015-02-03 07:14:17', '0000-00-00 00:00:00'),
(224, 'Chittagong', 'Chittagong', 'Karnafuli', '2043', '2015-02-03 07:14:17', '0000-00-00 00:00:00'),
(225, 'Chittagong', 'Chittagong', 'Karnafuly', '2044', '2015-02-03 07:14:17', '0000-00-00 00:00:00'),
(226, 'Chittagong', 'Chittagong', 'Khulshi', '2045', '2015-02-03 07:14:17', '0000-00-00 00:00:00'),
(227, 'Chittagong', 'Chittagong', 'Kotwali', '2046', '2015-02-03 07:14:17', '0000-00-00 00:00:00'),
(228, 'Chittagong', 'Chittagong', 'Lohagara', '2047', '2015-02-03 07:14:17', '0000-00-00 00:00:00'),
(229, 'Chittagong', 'Chittagong', 'Mirsharai', '2048', '2015-02-03 07:14:17', '0000-00-00 00:00:00'),
(230, 'Chittagong', 'Chittagong', 'Pahartali', '2049', '2015-02-03 07:14:17', '0000-00-00 00:00:00'),
(231, 'Chittagong', 'Chittagong', 'Panchlaish', '2050', '2015-02-03 07:14:17', '0000-00-00 00:00:00'),
(232, 'Chittagong', 'Chittagong', 'Patiya', '2051', '2015-02-03 07:14:17', '0000-00-00 00:00:00'),
(233, 'Chittagong', 'Chittagong', 'Potenga', '2052', '2015-02-03 07:14:17', '0000-00-00 00:00:00'),
(234, 'Chittagong', 'Chittagong', 'Rangunia', '2053', '2015-02-03 07:14:17', '0000-00-00 00:00:00'),
(235, 'Chittagong', 'Chittagong', 'Raozan', '2054', '2015-02-03 07:14:17', '0000-00-00 00:00:00'),
(236, 'Chittagong', 'Chittagong', 'Sadarghat', '2055', '2015-02-03 07:14:17', '0000-00-00 00:00:00'),
(237, 'Chittagong', 'Chittagong', 'Sandwip', '2056', '2015-02-03 07:14:17', '0000-00-00 00:00:00'),
(238, 'Chittagong', 'Chittagong', 'Satkania', '2057', '2015-02-03 07:14:17', '0000-00-00 00:00:00'),
(239, 'Chittagong', 'Chittagong', 'Sitakunda', '2058', '2015-02-03 07:14:17', '0000-00-00 00:00:00'),
(240, 'Chittagong', 'Comilla', 'Barura', '2059', '2015-02-03 07:14:17', '0000-00-00 00:00:00'),
(241, 'Chittagong', 'Comilla', 'Brahmanpara', '2060', '2015-02-03 07:14:17', '0000-00-00 00:00:00'),
(242, 'Chittagong', 'Comilla', 'Burichang', '2061', '2015-02-03 07:14:17', '0000-00-00 00:00:00'),
(243, 'Chittagong', 'Comilla', 'Chandina', '2062', '2015-02-03 07:14:17', '0000-00-00 00:00:00'),
(244, 'Chittagong', 'Comilla', 'Chauddagram', '2063', '2015-02-03 07:14:17', '0000-00-00 00:00:00'),
(245, 'Chittagong', 'Comilla', 'Comilla Sadar', '2064', '2015-02-03 07:14:17', '0000-00-00 00:00:00'),
(246, 'Chittagong', 'Comilla', 'Daudkandi', '2065', '2015-02-03 07:14:17', '0000-00-00 00:00:00'),
(247, 'Chittagong', 'Comilla', 'Debidwar', '2066', '2015-02-03 07:14:17', '0000-00-00 00:00:00'),
(248, 'Chittagong', 'Comilla', 'Homna', '2067', '2015-02-03 07:14:17', '0000-00-00 00:00:00'),
(249, 'Chittagong', 'Comilla', 'Laksam', '2068', '2015-02-03 07:14:17', '0000-00-00 00:00:00'),
(250, 'Chittagong', 'Comilla', 'Meghna', '2069', '2015-02-03 07:14:17', '0000-00-00 00:00:00'),
(251, 'Chittagong', 'Comilla', 'Monohargonj', '2070', '2015-02-03 07:14:17', '0000-00-00 00:00:00'),
(252, 'Chittagong', 'Comilla', 'Muradnagar', '2071', '2015-02-03 07:14:17', '0000-00-00 00:00:00'),
(253, 'Chittagong', 'Comilla', 'Nangalkot', '2072', '2015-02-03 07:14:17', '0000-00-00 00:00:00'),
(254, 'Chittagong', 'Comilla', 'Sadar South', '2073', '2015-02-03 07:14:17', '0000-00-00 00:00:00'),
(255, 'Chittagong', 'Comilla', 'Titas', '2074', '2015-02-03 07:14:17', '0000-00-00 00:00:00'),
(256, 'Chittagong', 'Cox''s Bazar', 'Chakaria', '2075', '2015-02-03 07:14:17', '0000-00-00 00:00:00'),
(257, 'Chittagong', 'Cox''s Bazar', 'Cox''s Bazar Sad', '2076', '2015-02-03 07:14:17', '0000-00-00 00:00:00'),
(258, 'Chittagong', 'Cox''s Bazar', 'Kutubdia', '2077', '2015-02-03 07:14:17', '0000-00-00 00:00:00'),
(259, 'Chittagong', 'Cox''s Bazar', 'Maheshkhali', '2078', '2015-02-03 07:14:17', '0000-00-00 00:00:00'),
(260, 'Chittagong', 'Cox''s Bazar', 'Pekua', '2079', '2015-02-03 07:14:17', '0000-00-00 00:00:00'),
(261, 'Chittagong', 'Cox''s Bazar', 'Ramu', '2080', '2015-02-03 07:14:17', '0000-00-00 00:00:00'),
(262, 'Chittagong', 'Cox''s Bazar', 'Teknaf', '2081', '2015-02-03 07:14:17', '0000-00-00 00:00:00'),
(263, 'Chittagong', 'Cox''s Bazar', 'Ukhia', '2082', '2015-02-03 07:14:17', '0000-00-00 00:00:00'),
(264, 'Chittagong', 'Feni', 'Chhagalnaiya', '2083', '2015-02-03 07:14:17', '0000-00-00 00:00:00'),
(265, 'Chittagong', 'Feni', 'Daganbhuiyan', '2084', '2015-02-03 07:14:17', '0000-00-00 00:00:00'),
(266, 'Chittagong', 'Feni', 'Feni Sadar', '2085', '2015-02-03 07:14:17', '0000-00-00 00:00:00'),
(267, 'Chittagong', 'Feni', 'Fulgazi', '2086', '2015-02-03 07:14:17', '0000-00-00 00:00:00'),
(268, 'Chittagong', 'Feni', 'Parshuram', '2087', '2015-02-03 07:14:17', '0000-00-00 00:00:00'),
(269, 'Chittagong', 'Feni', 'Sonagazi', '2088', '2015-02-03 07:14:17', '0000-00-00 00:00:00'),
(270, 'Chittagong', 'Khagrachari', 'Dighinala', '2089', '2015-02-03 07:14:17', '0000-00-00 00:00:00'),
(271, 'Chittagong', 'Khagrachari', 'Guimara', '2090', '2015-02-03 07:14:17', '0000-00-00 00:00:00'),
(272, 'Chittagong', 'Khagrachari', 'Khagrachhari', '2091', '2015-02-03 07:14:17', '0000-00-00 00:00:00'),
(273, 'Chittagong', 'Khagrachari', 'Lakshmichhari', '2092', '2015-02-03 07:14:17', '0000-00-00 00:00:00'),
(274, 'Chittagong', 'Khagrachari', 'Mahalchhari', '2093', '2015-02-03 07:14:17', '0000-00-00 00:00:00'),
(275, 'Chittagong', 'Khagrachari', 'Manikchhari', '2094', '2015-02-03 07:14:17', '0000-00-00 00:00:00'),
(276, 'Chittagong', 'Khagrachari', 'Matiranga', '2095', '2015-02-03 07:14:17', '0000-00-00 00:00:00'),
(277, 'Chittagong', 'Khagrachari', 'Panchhari', '2096', '2015-02-03 07:14:17', '0000-00-00 00:00:00'),
(278, 'Chittagong', 'Khagrachari', 'Ramgarh', '2097', '2015-02-03 07:14:17', '0000-00-00 00:00:00'),
(279, 'Chittagong', 'Lakshmipur', 'Komolnagar', '2098', '2015-02-03 07:14:17', '0000-00-00 00:00:00'),
(280, 'Chittagong', 'Lakshmipur', 'Lakshmipur Sada', '2099', '2015-02-03 07:14:17', '0000-00-00 00:00:00'),
(281, 'Chittagong', 'Lakshmipur', 'Raipur', '2100', '2015-02-03 07:14:17', '0000-00-00 00:00:00'),
(282, 'Chittagong', 'Lakshmipur', 'Ramganj', '2101', '2015-02-03 07:14:17', '0000-00-00 00:00:00'),
(283, 'Chittagong', 'Lakshmipur', 'Ramgati', '2102', '2015-02-03 07:14:17', '0000-00-00 00:00:00'),
(284, 'Chittagong', 'Noakhali', 'Basurhat', '2103', '2015-02-03 07:14:17', '0000-00-00 00:00:00'),
(285, 'Chittagong', 'Noakhali', 'Begumganj', '2104', '2015-02-03 07:14:17', '0000-00-00 00:00:00'),
(286, 'Chittagong', 'Noakhali', 'Charjabbar', '2105', '2015-02-03 07:14:17', '0000-00-00 00:00:00'),
(287, 'Chittagong', 'Noakhali', 'Chatkhil', '2106', '2015-02-03 07:14:17', '0000-00-00 00:00:00'),
(288, 'Chittagong', 'Noakhali', 'Companiganj', '2107', '2015-02-03 07:14:17', '0000-00-00 00:00:00'),
(289, 'Chittagong', 'Noakhali', 'Hatiya', '2108', '2015-02-03 07:14:17', '0000-00-00 00:00:00'),
(290, 'Chittagong', 'Noakhali', 'Kabirhat', '2109', '2015-02-03 07:14:17', '0000-00-00 00:00:00'),
(291, 'Chittagong', 'Noakhali', 'Noakhali Sadar', '2110', '2015-02-03 07:14:17', '0000-00-00 00:00:00'),
(292, 'Chittagong', 'Noakhali', 'Senbagh', '2111', '2015-02-03 07:14:17', '0000-00-00 00:00:00'),
(293, 'Chittagong', 'Noakhali', 'Sonaimuri', '2112', '2015-02-03 07:14:17', '0000-00-00 00:00:00'),
(294, 'Chittagong', 'Noakhali', 'Subarnachar', '2113', '2015-02-03 07:14:17', '0000-00-00 00:00:00'),
(295, 'Chittagong', 'Noakhali', 'Sudharam', '2114', '2015-02-03 07:14:17', '0000-00-00 00:00:00'),
(296, 'Chittagong', 'Rangamati', 'Bagaichhari', '2115', '2015-02-03 07:14:17', '0000-00-00 00:00:00'),
(297, 'Chittagong', 'Rangamati', 'Barkal', '2116', '2015-02-03 07:14:17', '0000-00-00 00:00:00'),
(298, 'Chittagong', 'Rangamati', 'Belaichhari', '2117', '2015-02-03 07:14:17', '0000-00-00 00:00:00'),
(299, 'Chittagong', 'Rangamati', 'Chandraghona', '2118', '2015-02-03 07:14:17', '0000-00-00 00:00:00'),
(300, 'Chittagong', 'Rangamati', 'Farua', '2119', '2015-02-03 07:14:17', '0000-00-00 00:00:00'),
(301, 'Chittagong', 'Rangamati', 'Juraichhari', '2120', '2015-02-03 07:14:17', '0000-00-00 00:00:00'),
(302, 'Chittagong', 'Rangamati', 'Kaptai', '2121', '2015-02-03 07:14:17', '0000-00-00 00:00:00'),
(303, 'Chittagong', 'Rangamati', 'Kawkhali (Betbu', '2122', '2015-02-03 07:14:17', '0000-00-00 00:00:00'),
(304, 'Chittagong', 'Rangamati', 'Langadu', '2123', '2015-02-03 07:14:17', '0000-00-00 00:00:00'),
(305, 'Chittagong', 'Rangamati', 'Naniyachar', '2124', '2015-02-03 07:14:17', '0000-00-00 00:00:00'),
(306, 'Chittagong', 'Rangamati', 'Rajasthali', '2125', '2015-02-03 07:14:17', '0000-00-00 00:00:00'),
(307, 'Chittagong', 'Rangamati', 'Rangamati Sadar', '2126', '2015-02-03 07:14:17', '0000-00-00 00:00:00'),
(308, 'Chittagong', 'Rangamati', 'Sajek', '2127', '2015-02-03 07:14:17', '0000-00-00 00:00:00'),
(309, 'Barisal', 'Barguna', 'Amtali', '3001', '2015-02-03 07:14:17', '0000-00-00 00:00:00'),
(310, 'Barisal', 'Barguna', 'Bamna', '3002', '2015-02-03 07:14:17', '0000-00-00 00:00:00'),
(311, 'Barisal', 'Barguna', 'Barguna Sadar', '3003', '2015-02-03 07:14:17', '0000-00-00 00:00:00'),
(312, 'Barisal', 'Barguna', 'Betagi', '3004', '2015-02-03 07:14:17', '0000-00-00 00:00:00'),
(313, 'Barisal', 'Barguna', 'Patharghata', '3005', '2015-02-03 07:14:17', '0000-00-00 00:00:00'),
(314, 'Barisal', 'Barguna', 'Taltoli', '3006', '2015-02-03 07:14:17', '0000-00-00 00:00:00'),
(315, 'Barisal', 'Barisal', 'Agailjhara', '3007', '2015-02-03 07:14:17', '0000-00-00 00:00:00'),
(316, 'Barisal', 'Barisal', 'Babuganj', '3008', '2015-02-03 07:14:17', '0000-00-00 00:00:00'),
(317, 'Barisal', 'Barisal', 'Bakerganj', '3009', '2015-02-03 07:14:17', '0000-00-00 00:00:00'),
(318, 'Barisal', 'Barisal', 'Banaripara', '3010', '2015-02-03 07:14:17', '0000-00-00 00:00:00'),
(319, 'Barisal', 'Barisal', 'Barisal Sadar', '3011', '2015-02-03 07:14:17', '0000-00-00 00:00:00'),
(320, 'Barisal', 'Barisal', 'Gaurnadi', '3012', '2015-02-03 07:14:17', '0000-00-00 00:00:00'),
(321, 'Barisal', 'Barisal', 'Hizla', '3013', '2015-02-03 07:14:17', '0000-00-00 00:00:00'),
(322, 'Barisal', 'Barisal', 'Mehendiganj', '3014', '2015-02-03 07:14:17', '0000-00-00 00:00:00'),
(323, 'Barisal', 'Barisal', 'Muladi', '3015', '2015-02-03 07:14:17', '0000-00-00 00:00:00'),
(324, 'Barisal', 'Barisal', 'Wazirpur', '3016', '2015-02-03 07:14:17', '0000-00-00 00:00:00'),
(325, 'Barisal', 'Bhola', 'Bhola Sadar', '3017', '2015-02-03 07:14:17', '0000-00-00 00:00:00'),
(326, 'Barisal', 'Bhola', 'Burhanuddin', '3018', '2015-02-03 07:14:17', '0000-00-00 00:00:00'),
(327, 'Barisal', 'Bhola', 'Char Fasson', '3019', '2015-02-03 07:14:17', '0000-00-00 00:00:00'),
(328, 'Barisal', 'Bhola', 'Daulatkhan', '3020', '2015-02-03 07:14:17', '0000-00-00 00:00:00'),
(329, 'Barisal', 'Bhola', 'Lalmohan', '3021', '2015-02-03 07:14:17', '0000-00-00 00:00:00'),
(330, 'Barisal', 'Bhola', 'Manpura', '3022', '2015-02-03 07:14:17', '0000-00-00 00:00:00'),
(331, 'Barisal', 'Bhola', 'Tazumuddin', '3023', '2015-02-03 07:14:17', '0000-00-00 00:00:00'),
(332, 'Barisal', 'Jhalokati', 'Jhalokati Sadar', '3024', '2015-02-03 07:14:17', '0000-00-00 00:00:00'),
(333, 'Barisal', 'Jhalokati', 'Kathalia', '3025', '2015-02-03 07:14:17', '0000-00-00 00:00:00'),
(334, 'Barisal', 'Jhalokati', 'Nalchity', '3026', '2015-02-03 07:14:17', '0000-00-00 00:00:00'),
(335, 'Barisal', 'Jhalokati', 'Rajapur', '3027', '2015-02-03 07:14:17', '0000-00-00 00:00:00'),
(336, 'Barisal', 'Patuakhali', 'Bauphal', '3028', '2015-02-03 07:14:17', '0000-00-00 00:00:00'),
(337, 'Barisal', 'Patuakhali', 'Dashmina', '3029', '2015-02-03 07:14:17', '0000-00-00 00:00:00'),
(338, 'Barisal', 'Patuakhali', 'Dumki', '3030', '2015-02-03 07:14:17', '0000-00-00 00:00:00'),
(339, 'Barisal', 'Patuakhali', 'Galachipa', '3031', '2015-02-03 07:14:17', '0000-00-00 00:00:00'),
(340, 'Barisal', 'Patuakhali', 'Kalapara', '3032', '2015-02-03 07:14:17', '0000-00-00 00:00:00'),
(341, 'Barisal', 'Patuakhali', 'Khepupara', '3033', '2015-02-03 07:14:17', '0000-00-00 00:00:00'),
(342, 'Barisal', 'Patuakhali', 'Mirzaganj', '3034', '2015-02-03 07:14:17', '0000-00-00 00:00:00'),
(343, 'Barisal', 'Patuakhali', 'Patuakhali Sada', '3035', '2015-02-03 07:14:17', '0000-00-00 00:00:00'),
(344, 'Barisal', 'Patuakhali', 'Rangabali', '3036', '2015-02-03 07:14:17', '0000-00-00 00:00:00'),
(345, 'Barisal', 'Patuakhali', 'Subidkhali', '3037', '2015-02-03 07:14:17', '0000-00-00 00:00:00'),
(346, 'Barisal', 'Pirojpur', 'Bhandaria', '3038', '2015-02-03 07:14:17', '0000-00-00 00:00:00'),
(347, 'Barisal', 'Pirojpur', 'Kawkhali', '3039', '2015-02-03 07:14:17', '0000-00-00 00:00:00'),
(348, 'Barisal', 'Pirojpur', 'Mathbaria', '3040', '2015-02-03 07:14:17', '0000-00-00 00:00:00'),
(349, 'Barisal', 'Pirojpur', 'Nazirpur', '3041', '2015-02-03 07:14:17', '0000-00-00 00:00:00'),
(350, 'Barisal', 'Pirojpur', 'Nesarabad (Swar', '3042', '2015-02-03 07:14:17', '0000-00-00 00:00:00'),
(351, 'Barisal', 'Pirojpur', 'Pirojpur Sadar', '3043', '2015-02-03 07:14:17', '0000-00-00 00:00:00'),
(352, 'Barisal', 'Pirojpur', 'Zianagor', '3044', '2015-02-03 07:14:17', '0000-00-00 00:00:00'),
(353, 'Khulna', 'Bagerhat', 'Bagerhat Sadar', '4001', '2015-02-03 07:14:17', '0000-00-00 00:00:00'),
(354, 'Khulna', 'Bagerhat', 'Chitalmari', '4002', '2015-02-03 07:14:17', '0000-00-00 00:00:00'),
(355, 'Khulna', 'Bagerhat', 'Fakirhat', '4003', '2015-02-03 07:14:17', '0000-00-00 00:00:00'),
(356, 'Khulna', 'Bagerhat', 'Kachua', '4004', '2015-02-03 07:14:17', '0000-00-00 00:00:00'),
(357, 'Khulna', 'Bagerhat', 'Mollahat', '4005', '2015-02-03 07:14:17', '0000-00-00 00:00:00'),
(358, 'Khulna', 'Bagerhat', 'Mongla', '4006', '2015-02-03 07:14:17', '0000-00-00 00:00:00'),
(359, 'Khulna', 'Bagerhat', 'Morrelganj', '4007', '2015-02-03 07:14:17', '0000-00-00 00:00:00'),
(360, 'Khulna', 'Bagerhat', 'Rampal', '4008', '2015-02-03 07:14:17', '0000-00-00 00:00:00'),
(361, 'Khulna', 'Bagerhat', 'Sarankhola', '4009', '2015-02-03 07:14:17', '0000-00-00 00:00:00'),
(362, 'Khulna', 'Chuadanga', 'Alamdanga', '4010', '2015-02-03 07:14:17', '0000-00-00 00:00:00'),
(363, 'Khulna', 'Chuadanga', 'Chuadanga Sadar', '4011', '2015-02-03 07:14:17', '0000-00-00 00:00:00'),
(364, 'Khulna', 'Chuadanga', 'Damurhuda', '4012', '2015-02-03 07:14:17', '0000-00-00 00:00:00'),
(365, 'Khulna', 'Chuadanga', 'Jibannagar', '4013', '2015-02-03 07:14:17', '0000-00-00 00:00:00'),
(366, 'Khulna', 'Jessore', 'Abhaynagar', '4014', '2015-02-03 07:14:17', '0000-00-00 00:00:00'),
(367, 'Khulna', 'Jessore', 'Bagherpara', '4015', '2015-02-03 07:14:17', '0000-00-00 00:00:00'),
(368, 'Khulna', 'Jessore', 'Benapol', '4016', '2015-02-03 07:14:17', '0000-00-00 00:00:00'),
(369, 'Khulna', 'Jessore', 'Chaugachha', '4017', '2015-02-03 07:14:17', '0000-00-00 00:00:00'),
(370, 'Khulna', 'Jessore', 'Jessore Sadar', '4018', '2015-02-03 07:14:17', '0000-00-00 00:00:00'),
(371, 'Khulna', 'Jessore', 'Jhikargachha', '4019', '2015-02-03 07:14:17', '0000-00-00 00:00:00'),
(372, 'Khulna', 'Jessore', 'Keshabpur', '4020', '2015-02-03 07:14:17', '0000-00-00 00:00:00'),
(373, 'Khulna', 'Jessore', 'Manirampur', '4021', '2015-02-03 07:14:17', '0000-00-00 00:00:00'),
(374, 'Khulna', 'Jessore', 'Sharsha', '4022', '2015-02-03 07:14:17', '0000-00-00 00:00:00'),
(375, 'Khulna', 'Jhenaidah', 'Harinakunda', '4023', '2015-02-03 07:14:17', '0000-00-00 00:00:00'),
(376, 'Khulna', 'Jhenaidah', 'Jhenaidah Sadar', '4024', '2015-02-03 07:14:17', '0000-00-00 00:00:00'),
(377, 'Khulna', 'Jhenaidah', 'Kaliganj', '4025', '2015-02-03 07:14:17', '0000-00-00 00:00:00'),
(378, 'Khulna', 'Jhenaidah', 'Kotchandpur', '4026', '2015-02-03 07:14:17', '0000-00-00 00:00:00'),
(379, 'Khulna', 'Jhenaidah', 'Maheshpur', '4027', '2015-02-03 07:14:17', '0000-00-00 00:00:00'),
(380, 'Khulna', 'Jhenaidah', 'Shailkupa', '4028', '2015-02-03 07:14:17', '0000-00-00 00:00:00'),
(381, 'Khulna', 'Khulna', 'Batiaghata', '4029', '2015-02-03 07:14:17', '0000-00-00 00:00:00'),
(382, 'Khulna', 'Khulna', 'Dacope', '4030', '2015-02-03 07:14:17', '0000-00-00 00:00:00'),
(383, 'Khulna', 'Khulna', 'Daulatpur', '4031', '2015-02-03 07:14:17', '0000-00-00 00:00:00'),
(384, 'Khulna', 'Khulna', 'Dighalia', '4032', '2015-02-03 07:14:17', '0000-00-00 00:00:00'),
(385, 'Khulna', 'Khulna', 'Dumuria', '4033', '2015-02-03 07:14:17', '0000-00-00 00:00:00'),
(386, 'Khulna', 'Khulna', 'Harintana', '4034', '2015-02-03 07:14:17', '0000-00-00 00:00:00'),
(387, 'Khulna', 'Khulna', 'Khalishpur', '4035', '2015-02-03 07:14:17', '0000-00-00 00:00:00'),
(388, 'Khulna', 'Khulna', 'Khan Jahan Ali', '4036', '2015-02-03 07:14:17', '0000-00-00 00:00:00'),
(389, 'Khulna', 'Khulna', 'Kotwali', '4037', '2015-02-03 07:14:17', '0000-00-00 00:00:00'),
(390, 'Khulna', 'Khulna', 'Koyra', '4038', '2015-02-03 07:14:17', '0000-00-00 00:00:00'),
(391, 'Khulna', 'Khulna', 'Paikgachha', '4039', '2015-02-03 07:14:17', '0000-00-00 00:00:00'),
(392, 'Khulna', 'Khulna', 'Phultala', '4040', '2015-02-03 07:14:17', '0000-00-00 00:00:00'),
(393, 'Khulna', 'Khulna', 'Rupsha', '4041', '2015-02-03 07:14:17', '0000-00-00 00:00:00'),
(394, 'Khulna', 'Khulna', 'Sonadanga', '4042', '2015-02-03 07:14:17', '0000-00-00 00:00:00'),
(395, 'Khulna', 'Khulna', 'Terokhada', '4043', '2015-02-03 07:14:17', '0000-00-00 00:00:00'),
(396, 'Khulna', 'Kushtia', 'Bheramara', '4044', '2015-02-03 07:14:17', '0000-00-00 00:00:00'),
(397, 'Khulna', 'Kushtia', 'Daulatpur', '4045', '2015-02-03 07:14:17', '0000-00-00 00:00:00'),
(398, 'Khulna', 'Kushtia', 'Khoksa', '4046', '2015-02-03 07:14:17', '0000-00-00 00:00:00'),
(399, 'Khulna', 'Kushtia', 'Kumarkhali', '4047', '2015-02-03 07:14:17', '0000-00-00 00:00:00'),
(400, 'Khulna', 'Kushtia', 'Kushtia Sadar', '4048', '2015-02-03 07:14:17', '0000-00-00 00:00:00'),
(401, 'Khulna', 'Kushtia', 'Mirpur', '4049', '2015-02-03 07:14:17', '0000-00-00 00:00:00'),
(402, 'Khulna', 'Kushtia', 'Shekhpara', '4050', '2015-02-03 07:14:17', '0000-00-00 00:00:00'),
(403, 'Khulna', 'Magura', 'Magura Sadar', '4051', '2015-02-03 07:14:17', '0000-00-00 00:00:00'),
(404, 'Khulna', 'Magura', 'Mohammadpur', '4052', '2015-02-03 07:14:17', '0000-00-00 00:00:00'),
(405, 'Khulna', 'Magura', 'Shalikha', '4053', '2015-02-03 07:14:17', '0000-00-00 00:00:00'),
(406, 'Khulna', 'Magura', 'Sreepur', '4054', '2015-02-03 07:14:17', '0000-00-00 00:00:00'),
(407, 'Khulna', 'Meherpur', 'Gangni', '4055', '2015-02-03 07:14:17', '0000-00-00 00:00:00'),
(408, 'Khulna', 'Meherpur', 'Meherpur Sadar', '4056', '2015-02-03 07:14:17', '0000-00-00 00:00:00'),
(409, 'Khulna', 'Meherpur', 'Mujibnagar', '4057', '2015-02-03 07:14:17', '0000-00-00 00:00:00'),
(410, 'Khulna', 'Narail', 'Kalia', '4058', '2015-02-03 07:14:17', '0000-00-00 00:00:00'),
(411, 'Khulna', 'Narail', 'Lohagara', '4059', '2015-02-03 07:14:17', '0000-00-00 00:00:00'),
(412, 'Khulna', 'Narail', 'Naragati', '4060', '2015-02-03 07:14:17', '0000-00-00 00:00:00'),
(413, 'Khulna', 'Narail', 'Narail Sadar', '4061', '2015-02-03 07:14:17', '0000-00-00 00:00:00'),
(414, 'Khulna', 'Satkhira', 'Assasuni', '4062', '2015-02-03 07:14:17', '0000-00-00 00:00:00'),
(415, 'Khulna', 'Satkhira', 'Debhata', '4063', '2015-02-03 07:14:17', '0000-00-00 00:00:00'),
(416, 'Khulna', 'Satkhira', 'Kalaroa', '4064', '2015-02-03 07:14:17', '0000-00-00 00:00:00'),
(417, 'Khulna', 'Satkhira', 'Kaliganj', '4065', '2015-02-03 07:14:17', '0000-00-00 00:00:00'),
(418, 'Khulna', 'Satkhira', 'Satkhira Sadar', '4066', '2015-02-03 07:14:17', '0000-00-00 00:00:00'),
(419, 'Khulna', 'Satkhira', 'Shyamnagar', '4067', '2015-02-03 07:14:17', '0000-00-00 00:00:00'),
(420, 'Khulna', 'Satkhira', 'Tala', '4068', '2015-02-03 07:14:17', '0000-00-00 00:00:00'),
(421, 'Rajshahi', 'Bogra', 'Adamdighi', '5001', '2015-02-03 07:14:17', '0000-00-00 00:00:00'),
(422, 'Rajshahi', 'Bogra', 'Bogra Sadar', '5002', '2015-02-03 07:14:17', '0000-00-00 00:00:00'),
(423, 'Rajshahi', 'Bogra', 'Dhunat', '5003', '2015-02-03 07:14:17', '0000-00-00 00:00:00'),
(424, 'Rajshahi', 'Bogra', 'Dhupchanchia', '5004', '2015-02-03 07:14:17', '0000-00-00 00:00:00'),
(425, 'Rajshahi', 'Bogra', 'Gabtali', '5005', '2015-02-03 07:14:17', '0000-00-00 00:00:00'),
(426, 'Rajshahi', 'Bogra', 'Kahaloo', '5006', '2015-02-03 07:14:17', '0000-00-00 00:00:00'),
(427, 'Rajshahi', 'Bogra', 'Nandigram', '5007', '2015-02-03 07:14:17', '0000-00-00 00:00:00'),
(428, 'Rajshahi', 'Bogra', 'Sahajanpur', '5008', '2015-02-03 07:14:17', '0000-00-00 00:00:00'),
(429, 'Rajshahi', 'Bogra', 'Sariakandi', '5009', '2015-02-03 07:14:17', '0000-00-00 00:00:00'),
(430, 'Rajshahi', 'Bogra', 'Sherpur', '5010', '2015-02-03 07:14:17', '0000-00-00 00:00:00'),
(431, 'Rajshahi', 'Bogra', 'Shibganj', '5011', '2015-02-03 07:14:17', '0000-00-00 00:00:00'),
(432, 'Rajshahi', 'Bogra', 'Sonatola', '5012', '2015-02-03 07:14:17', '0000-00-00 00:00:00'),
(433, 'Rajshahi', 'Joypurhat', 'Akkelpur', '5013', '2015-02-03 07:14:17', '0000-00-00 00:00:00'),
(434, 'Rajshahi', 'Joypurhat', 'Joypurhat Sadar', '5014', '2015-02-03 07:14:17', '0000-00-00 00:00:00'),
(435, 'Rajshahi', 'Joypurhat', 'Kalai', '5015', '2015-02-03 07:14:17', '0000-00-00 00:00:00'),
(436, 'Rajshahi', 'Joypurhat', 'Khetlal', '5016', '2015-02-03 07:14:17', '0000-00-00 00:00:00'),
(437, 'Rajshahi', 'Joypurhat', 'Panchbibi', '5017', '2015-02-03 07:14:17', '0000-00-00 00:00:00'),
(438, 'Rajshahi', 'Naogaon', 'Atrai', '5018', '2015-02-03 07:14:17', '0000-00-00 00:00:00'),
(439, 'Rajshahi', 'Naogaon', 'Badalgachhi', '5019', '2015-02-03 07:14:17', '0000-00-00 00:00:00'),
(440, 'Rajshahi', 'Naogaon', 'Dhamoirhat', '5020', '2015-02-03 07:14:17', '0000-00-00 00:00:00'),
(441, 'Rajshahi', 'Naogaon', 'Manda', '5021', '2015-02-03 07:14:17', '0000-00-00 00:00:00'),
(442, 'Rajshahi', 'Naogaon', 'Mohadevpur', '5022', '2015-02-03 07:14:17', '0000-00-00 00:00:00'),
(443, 'Rajshahi', 'Naogaon', 'Naogaon Sadar', '5023', '2015-02-03 07:14:17', '0000-00-00 00:00:00'),
(444, 'Rajshahi', 'Naogaon', 'Niamatpur', '5024', '2015-02-03 07:14:17', '0000-00-00 00:00:00'),
(445, 'Rajshahi', 'Naogaon', 'Patnitala', '5025', '2015-02-03 07:14:17', '0000-00-00 00:00:00'),
(446, 'Rajshahi', 'Naogaon', 'Porsha', '5026', '2015-02-03 07:14:17', '0000-00-00 00:00:00'),
(447, 'Rajshahi', 'Naogaon', 'Raninagar', '5027', '2015-02-03 07:14:17', '0000-00-00 00:00:00'),
(448, 'Rajshahi', 'Naogaon', 'Sapahar', '5028', '2015-02-03 07:14:17', '0000-00-00 00:00:00'),
(449, 'Rajshahi', 'Natore', 'Bagatipara', '5029', '2015-02-03 07:14:17', '0000-00-00 00:00:00'),
(450, 'Rajshahi', 'Natore', 'Baraigram', '5030', '2015-02-03 07:14:17', '0000-00-00 00:00:00'),
(451, 'Rajshahi', 'Natore', 'Gurudaspur', '5031', '2015-02-03 07:14:17', '0000-00-00 00:00:00'),
(452, 'Rajshahi', 'Natore', 'Lalpur', '5032', '2015-02-03 07:14:17', '0000-00-00 00:00:00'),
(453, 'Rajshahi', 'Natore', 'Naldanga', '5033', '2015-02-03 07:14:17', '0000-00-00 00:00:00'),
(454, 'Rajshahi', 'Natore', 'Natore Sadar', '5034', '2015-02-03 07:14:17', '0000-00-00 00:00:00'),
(455, 'Rajshahi', 'Natore', 'Singra', '5035', '2015-02-03 07:14:17', '0000-00-00 00:00:00'),
(456, 'Rajshahi', 'Nawabganj', 'Bholahat', '5036', '2015-02-03 07:14:17', '0000-00-00 00:00:00'),
(457, 'Rajshahi', 'Nawabganj', 'Gomastapur', '5037', '2015-02-03 07:14:17', '0000-00-00 00:00:00'),
(458, 'Rajshahi', 'Nawabganj', 'Nachole', '5038', '2015-02-03 07:14:17', '0000-00-00 00:00:00'),
(459, 'Rajshahi', 'Nawabganj', 'Nawabganj Sadar', '5039', '2015-02-03 07:14:17', '0000-00-00 00:00:00'),
(460, 'Rajshahi', 'Nawabganj', 'Shibganj', '5040', '2015-02-03 07:14:17', '0000-00-00 00:00:00'),
(461, 'Rajshahi', 'Pabna', 'Ataikula', '5041', '2015-02-03 07:14:17', '0000-00-00 00:00:00'),
(462, 'Rajshahi', 'Pabna', 'Atgharia', '5042', '2015-02-03 07:14:17', '0000-00-00 00:00:00'),
(463, 'Rajshahi', 'Pabna', 'Bera', '5043', '2015-02-03 07:14:17', '0000-00-00 00:00:00'),
(464, 'Rajshahi', 'Pabna', 'Bhangura', '5044', '2015-02-03 07:14:17', '0000-00-00 00:00:00'),
(465, 'Rajshahi', 'Pabna', 'Chatmohar', '5045', '2015-02-03 07:14:17', '0000-00-00 00:00:00'),
(466, 'Rajshahi', 'Pabna', 'Faridpur', '5046', '2015-02-03 07:14:17', '0000-00-00 00:00:00'),
(467, 'Rajshahi', 'Pabna', 'Ishwardi', '5047', '2015-02-03 07:14:17', '0000-00-00 00:00:00'),
(468, 'Rajshahi', 'Pabna', 'Pabna Sadar', '5048', '2015-02-03 07:14:17', '0000-00-00 00:00:00'),
(469, 'Rajshahi', 'Pabna', 'Santhia', '5049', '2015-02-03 07:14:17', '0000-00-00 00:00:00'),
(470, 'Rajshahi', 'Pabna', 'Sujanagar', '5050', '2015-02-03 07:14:17', '0000-00-00 00:00:00'),
(471, 'Rajshahi', 'Rajshahi', 'Bagha', '5051', '2015-02-03 07:14:17', '0000-00-00 00:00:00'),
(472, 'Rajshahi', 'Rajshahi', 'Bagmara', '5052', '2015-02-03 07:14:17', '0000-00-00 00:00:00'),
(473, 'Rajshahi', 'Rajshahi', 'Boalia', '5053', '2015-02-03 07:14:17', '0000-00-00 00:00:00'),
(474, 'Rajshahi', 'Rajshahi', 'Charghat', '5054', '2015-02-03 07:14:17', '0000-00-00 00:00:00'),
(475, 'Rajshahi', 'Rajshahi', 'Durgapur', '5055', '2015-02-03 07:14:17', '0000-00-00 00:00:00'),
(476, 'Rajshahi', 'Rajshahi', 'Ghoramara', '5056', '2015-02-03 07:14:17', '0000-00-00 00:00:00'),
(477, 'Rajshahi', 'Rajshahi', 'Godagari', '5057', '2015-02-03 07:14:17', '0000-00-00 00:00:00'),
(478, 'Rajshahi', 'Rajshahi', 'Matihar', '5058', '2015-02-03 07:14:17', '0000-00-00 00:00:00'),
(479, 'Rajshahi', 'Rajshahi', 'Mohanpur', '5059', '2015-02-03 07:14:17', '0000-00-00 00:00:00'),
(480, 'Rajshahi', 'Rajshahi', 'Paba', '5060', '2015-02-03 07:14:17', '0000-00-00 00:00:00'),
(481, 'Rajshahi', 'Rajshahi', 'Puthia', '5061', '2015-02-03 07:14:17', '0000-00-00 00:00:00'),
(482, 'Rajshahi', 'Rajshahi', 'Rajpara', '5062', '2015-02-03 07:14:17', '0000-00-00 00:00:00'),
(483, 'Rajshahi', 'Rajshahi', 'Rajshahi Sadar', '5063', '2015-02-03 07:14:17', '0000-00-00 00:00:00'),
(484, 'Rajshahi', 'Rajshahi', 'Shah Mokdum', '5064', '2015-02-03 07:14:17', '0000-00-00 00:00:00'),
(485, 'Rajshahi', 'Rajshahi', 'Tanore', '5065', '2015-02-03 07:14:17', '0000-00-00 00:00:00'),
(486, 'Rajshahi', 'Sirajganj', 'Belkuchi', '5066', '2015-02-03 07:14:17', '0000-00-00 00:00:00'),
(487, 'Rajshahi', 'Sirajganj', 'Chauhali', '5067', '2015-02-03 07:14:17', '0000-00-00 00:00:00'),
(488, 'Rajshahi', 'Sirajganj', 'Enayetpur', '5068', '2015-02-03 07:14:17', '0000-00-00 00:00:00'),
(489, 'Rajshahi', 'Sirajganj', 'Kamarkhanda', '5069', '2015-02-03 07:14:17', '0000-00-00 00:00:00'),
(490, 'Rajshahi', 'Sirajganj', 'Kazipur', '5070', '2015-02-03 07:14:17', '0000-00-00 00:00:00'),
(491, 'Rajshahi', 'Sirajganj', 'Raiganj', '5071', '2015-02-03 07:14:17', '0000-00-00 00:00:00'),
(492, 'Rajshahi', 'Sirajganj', 'Salanga', '5072', '2015-02-03 07:14:17', '0000-00-00 00:00:00'),
(493, 'Rajshahi', 'Sirajganj', 'Shahjadpur', '5073', '2015-02-03 07:14:17', '0000-00-00 00:00:00'),
(494, 'Rajshahi', 'Sirajganj', 'Sirajganj Sadar', '5074', '2015-02-03 07:14:17', '0000-00-00 00:00:00'),
(495, 'Rajshahi', 'Sirajganj', 'Tarash', '5075', '2015-02-03 07:14:17', '0000-00-00 00:00:00'),
(496, 'Rajshahi', 'Sirajganj', 'Ullahpara', '5076', '2015-02-03 07:14:17', '0000-00-00 00:00:00'),
(497, 'Rangpur', 'Dinajpur', 'Biral', '6001', '2015-02-03 07:14:17', '0000-00-00 00:00:00'),
(498, 'Rangpur', 'Dinajpur', 'Birampur', '6002', '2015-02-03 07:14:17', '0000-00-00 00:00:00'),
(499, 'Rangpur', 'Dinajpur', 'Birganj', '6003', '2015-02-03 07:14:17', '0000-00-00 00:00:00'),
(500, 'Rangpur', 'Dinajpur', 'Bochaganj', '6004', '2015-02-03 07:14:17', '0000-00-00 00:00:00'),
(501, 'Rangpur', 'Dinajpur', 'Chirirbandar', '6005', '2015-02-03 07:14:17', '0000-00-00 00:00:00'),
(502, 'Rangpur', 'Dinajpur', 'Dinajpur Sadar', '6006', '2015-02-03 07:14:17', '0000-00-00 00:00:00'),
(503, 'Rangpur', 'Dinajpur', 'Ghoraghat', '6007', '2015-02-03 07:14:17', '0000-00-00 00:00:00'),
(504, 'Rangpur', 'Dinajpur', 'Hakimpur', '6008', '2015-02-03 07:14:17', '0000-00-00 00:00:00'),
(505, 'Rangpur', 'Dinajpur', 'Kaharole', '6009', '2015-02-03 07:14:17', '0000-00-00 00:00:00'),
(506, 'Rangpur', 'Dinajpur', 'Khansama', '6010', '2015-02-03 07:14:17', '0000-00-00 00:00:00'),
(507, 'Rangpur', 'Dinajpur', 'Nawabganj', '6011', '2015-02-03 07:14:17', '0000-00-00 00:00:00'),
(508, 'Rangpur', 'Dinajpur', 'Parbatipur', '6012', '2015-02-03 07:14:17', '0000-00-00 00:00:00'),
(509, 'Rangpur', 'Dinajpur', 'Phulbari', '6013', '2015-02-03 07:14:17', '0000-00-00 00:00:00'),
(510, 'Rangpur', 'Gaibandha', 'Gaibandha Sadar', '6014', '2015-02-03 07:14:17', '0000-00-00 00:00:00'),
(511, 'Rangpur', 'Gaibandha', 'Gobindaganj', '6015', '2015-02-03 07:14:17', '0000-00-00 00:00:00'),
(512, 'Rangpur', 'Gaibandha', 'Palashbari', '6016', '2015-02-03 07:14:17', '0000-00-00 00:00:00'),
(513, 'Rangpur', 'Gaibandha', 'Phulchhari', '6017', '2015-02-03 07:14:17', '0000-00-00 00:00:00'),
(514, 'Rangpur', 'Gaibandha', 'Sadullapur', '6018', '2015-02-03 07:14:17', '0000-00-00 00:00:00'),
(515, 'Rangpur', 'Gaibandha', 'Sughatta', '6019', '2015-02-03 07:14:17', '0000-00-00 00:00:00'),
(516, 'Rangpur', 'Gaibandha', 'Sundarganj', '6020', '2015-02-03 07:14:17', '0000-00-00 00:00:00'),
(517, 'Rangpur', 'Kurigram', 'Bhurungamari', '6021', '2015-02-03 07:14:17', '0000-00-00 00:00:00'),
(518, 'Rangpur', 'Kurigram', 'Char Rajibpur', '6022', '2015-02-03 07:14:17', '0000-00-00 00:00:00'),
(519, 'Rangpur', 'Kurigram', 'Chilmari', '6023', '2015-02-03 07:14:17', '0000-00-00 00:00:00'),
(520, 'Rangpur', 'Kurigram', 'Dushmara', '6024', '2015-02-03 07:14:17', '0000-00-00 00:00:00'),
(521, 'Rangpur', 'Kurigram', 'Kochakata', '6025', '2015-02-03 07:14:17', '0000-00-00 00:00:00'),
(522, 'Rangpur', 'Kurigram', 'Kurigram Sadar', '6026', '2015-02-03 07:14:17', '0000-00-00 00:00:00'),
(523, 'Rangpur', 'Kurigram', 'Nageshwari', '6027', '2015-02-03 07:14:17', '0000-00-00 00:00:00'),
(524, 'Rangpur', 'Kurigram', 'Phulbari', '6028', '2015-02-03 07:14:17', '0000-00-00 00:00:00'),
(525, 'Rangpur', 'Kurigram', 'Rajarhat', '6029', '2015-02-03 07:14:17', '0000-00-00 00:00:00'),
(526, 'Rangpur', 'Kurigram', 'Raomari', '6030', '2015-02-03 07:14:17', '0000-00-00 00:00:00');
INSERT INTO `thana` (`id`, `division`, `district`, `thana_name`, `thana_code`, `created_at`, `updated_at`) VALUES
(527, 'Rangpur', 'Kurigram', 'Ulipur', '6031', '2015-02-03 07:14:17', '0000-00-00 00:00:00'),
(528, 'Rangpur', 'Lalmonirhat', 'Aditmari', '6032', '2015-02-03 07:14:17', '0000-00-00 00:00:00'),
(529, 'Rangpur', 'Lalmonirhat', 'Hatibandha', '6033', '2015-02-03 07:14:17', '0000-00-00 00:00:00'),
(530, 'Rangpur', 'Lalmonirhat', 'Kaliganj', '6034', '2015-02-03 07:14:17', '0000-00-00 00:00:00'),
(531, 'Rangpur', 'Lalmonirhat', 'Lalmonirhat Sad', '6035', '2015-02-03 07:14:17', '0000-00-00 00:00:00'),
(532, 'Rangpur', 'Lalmonirhat', 'Patgram', '6036', '2015-02-03 07:14:17', '0000-00-00 00:00:00'),
(533, 'Rangpur', 'Lalmonirhat', 'Tushvandar', '6037', '2015-02-03 07:14:17', '0000-00-00 00:00:00'),
(534, 'Rangpur', 'Nilphamari', 'Dimla', '6038', '2015-02-03 07:14:17', '0000-00-00 00:00:00'),
(535, 'Rangpur', 'Nilphamari', 'Domar', '6039', '2015-02-03 07:14:17', '0000-00-00 00:00:00'),
(536, 'Rangpur', 'Nilphamari', 'Jaldhaka', '6040', '2015-02-03 07:14:17', '0000-00-00 00:00:00'),
(537, 'Rangpur', 'Nilphamari', 'Kishoreganj', '6041', '2015-02-03 07:14:17', '0000-00-00 00:00:00'),
(538, 'Rangpur', 'Nilphamari', 'Nilphamari Sada', '6042', '2015-02-03 07:14:17', '0000-00-00 00:00:00'),
(539, 'Rangpur', 'Nilphamari', 'Saidpur', '6043', '2015-02-03 07:14:17', '0000-00-00 00:00:00'),
(540, 'Rangpur', 'Panchagarh', 'Atwari', '6044', '2015-02-03 07:14:17', '0000-00-00 00:00:00'),
(541, 'Rangpur', 'Panchagarh', 'Boda', '6045', '2015-02-03 07:14:17', '0000-00-00 00:00:00'),
(542, 'Rangpur', 'Panchagarh', 'Debiganj', '6046', '2015-02-03 07:14:17', '0000-00-00 00:00:00'),
(543, 'Rangpur', 'Panchagarh', 'Panchagarh Sada', '6047', '2015-02-03 07:14:17', '0000-00-00 00:00:00'),
(544, 'Rangpur', 'Panchagarh', 'Tetulia', '6048', '2015-02-03 07:14:17', '0000-00-00 00:00:00'),
(545, 'Rangpur', 'Rangpur', 'Badarganj', '6049', '2015-02-03 07:14:17', '0000-00-00 00:00:00'),
(546, 'Rangpur', 'Rangpur', 'Gangachhara', '6050', '2015-02-03 07:14:17', '0000-00-00 00:00:00'),
(547, 'Rangpur', 'Rangpur', 'Kaunia', '6051', '2015-02-03 07:14:17', '0000-00-00 00:00:00'),
(548, 'Rangpur', 'Rangpur', 'Mithapukur', '6052', '2015-02-03 07:14:17', '0000-00-00 00:00:00'),
(549, 'Rangpur', 'Rangpur', 'Pirgachha', '6053', '2015-02-03 07:14:17', '0000-00-00 00:00:00'),
(550, 'Rangpur', 'Rangpur', 'Pirganj', '6054', '2015-02-03 07:14:17', '0000-00-00 00:00:00'),
(551, 'Rangpur', 'Rangpur', 'Rangpur Sadar', '6055', '2015-02-03 07:14:17', '0000-00-00 00:00:00'),
(552, 'Rangpur', 'Rangpur', 'Taraganj', '6056', '2015-02-03 07:14:17', '0000-00-00 00:00:00'),
(553, 'Rangpur', 'Thakurgaon', 'Baliadangi', '6057', '2015-02-03 07:14:17', '0000-00-00 00:00:00'),
(554, 'Rangpur', 'Thakurgaon', 'Haripur', '6058', '2015-02-03 07:14:17', '0000-00-00 00:00:00'),
(555, 'Rangpur', 'Thakurgaon', 'Pirganj', '6059', '2015-02-03 07:14:17', '0000-00-00 00:00:00'),
(556, 'Rangpur', 'Thakurgaon', 'Ranisankail', '6060', '2015-02-03 07:14:17', '0000-00-00 00:00:00'),
(557, 'Rangpur', 'Thakurgaon', 'Ruhia', '6061', '2015-02-03 07:14:17', '0000-00-00 00:00:00'),
(558, 'Rangpur', 'Thakurgaon', 'Thakurgaon Sada', '6062', '2015-02-03 07:14:17', '0000-00-00 00:00:00'),
(559, 'Sylhet', 'Habiganj', 'Ajmiriganj', '7001', '2015-02-03 07:14:17', '0000-00-00 00:00:00'),
(560, 'Sylhet', 'Habiganj', 'Bahubal', '7002', '2015-02-03 07:14:17', '0000-00-00 00:00:00'),
(561, 'Sylhet', 'Habiganj', 'Baniyachong', '7003', '2015-02-03 07:14:17', '0000-00-00 00:00:00'),
(562, 'Sylhet', 'Habiganj', 'Chunarughat', '7004', '2015-02-03 07:14:17', '0000-00-00 00:00:00'),
(563, 'Sylhet', 'Habiganj', 'Habiganj Sadar', '7005', '2015-02-03 07:14:17', '0000-00-00 00:00:00'),
(564, 'Sylhet', 'Habiganj', 'Lakhai', '7006', '2015-02-03 07:14:17', '0000-00-00 00:00:00'),
(565, 'Sylhet', 'Habiganj', 'Madhabpur', '7007', '2015-02-03 07:14:17', '0000-00-00 00:00:00'),
(566, 'Sylhet', 'Habiganj', 'Nabiganj', '7008', '2015-02-03 07:14:17', '0000-00-00 00:00:00'),
(567, 'Sylhet', 'Habiganj', 'Syestagonj', '7009', '2015-02-03 07:14:17', '0000-00-00 00:00:00'),
(568, 'Sylhet', 'Moulvibazar', 'Barlekha', '7010', '2015-02-03 07:14:17', '0000-00-00 00:00:00'),
(569, 'Sylhet', 'Moulvibazar', 'Juri', '7011', '2015-02-03 07:14:17', '0000-00-00 00:00:00'),
(570, 'Sylhet', 'Moulvibazar', 'Kamalganj', '7012', '2015-02-03 07:14:17', '0000-00-00 00:00:00'),
(571, 'Sylhet', 'Moulvibazar', 'Kulaura', '7013', '2015-02-03 07:14:17', '0000-00-00 00:00:00'),
(572, 'Sylhet', 'Moulvibazar', 'Moulvibazar Sad', '7014', '2015-02-03 07:14:17', '0000-00-00 00:00:00'),
(573, 'Sylhet', 'Moulvibazar', 'Rajnagar', '7015', '2015-02-03 07:14:17', '0000-00-00 00:00:00'),
(574, 'Sylhet', 'Moulvibazar', 'Sreemangal', '7016', '2015-02-03 07:14:17', '0000-00-00 00:00:00'),
(575, 'Sylhet', 'Sunamganj', 'Bishwamvarpur', '7017', '2015-02-03 07:14:17', '0000-00-00 00:00:00'),
(576, 'Sylhet', 'Sunamganj', 'Chhatak', '7018', '2015-02-03 07:14:17', '0000-00-00 00:00:00'),
(577, 'Sylhet', 'Sunamganj', 'Derai', '7019', '2015-02-03 07:14:17', '0000-00-00 00:00:00'),
(578, 'Sylhet', 'Sunamganj', 'Dharampasha', '7020', '2015-02-03 07:14:17', '0000-00-00 00:00:00'),
(579, 'Sylhet', 'Sunamganj', 'Dowarabazar', '7021', '2015-02-03 07:14:17', '0000-00-00 00:00:00'),
(580, 'Sylhet', 'Sunamganj', 'Jagannathpur', '7022', '2015-02-03 07:14:17', '0000-00-00 00:00:00'),
(581, 'Sylhet', 'Sunamganj', 'Jamalganj', '7023', '2015-02-03 07:14:17', '0000-00-00 00:00:00'),
(582, 'Sylhet', 'Sunamganj', 'South Sunamganj', '7024', '2015-02-03 07:14:17', '0000-00-00 00:00:00'),
(583, 'Sylhet', 'Sunamganj', 'Sullah', '7025', '2015-02-03 07:14:17', '0000-00-00 00:00:00'),
(584, 'Sylhet', 'Sunamganj', 'Sunamganj Sadar', '7026', '2015-02-03 07:14:17', '0000-00-00 00:00:00'),
(585, 'Sylhet', 'Sunamganj', 'Tahirpur', '7027', '2015-02-03 07:14:17', '0000-00-00 00:00:00'),
(586, 'Sylhet', 'Sylhet', 'Balaganj', '7028', '2015-02-03 07:14:17', '0000-00-00 00:00:00'),
(587, 'Sylhet', 'Sylhet', 'Beanibazar', '7029', '2015-02-03 07:14:17', '0000-00-00 00:00:00'),
(588, 'Sylhet', 'Sylhet', 'Bishwanath', '7030', '2015-02-03 07:14:17', '0000-00-00 00:00:00'),
(589, 'Sylhet', 'Sylhet', 'Companigonj', '7031', '2015-02-03 07:14:17', '0000-00-00 00:00:00'),
(590, 'Sylhet', 'Sylhet', 'Fenchuganj', '7032', '2015-02-03 07:14:17', '0000-00-00 00:00:00'),
(591, 'Sylhet', 'Sylhet', 'Golapganj', '7033', '2015-02-03 07:14:17', '0000-00-00 00:00:00'),
(592, 'Sylhet', 'Sylhet', 'Gowainghat', '7034', '2015-02-03 07:14:17', '0000-00-00 00:00:00'),
(593, 'Sylhet', 'Sylhet', 'Jafalang', '7035', '2015-02-03 07:14:17', '0000-00-00 00:00:00'),
(594, 'Sylhet', 'Sylhet', 'Jaintiapur', '7036', '2015-02-03 07:14:17', '0000-00-00 00:00:00'),
(595, 'Sylhet', 'Sylhet', 'Kanaighat', '7037', '2015-02-03 07:14:17', '0000-00-00 00:00:00'),
(596, 'Sylhet', 'Sylhet', 'Osmani Nagar', '7038', '2015-02-03 07:14:17', '0000-00-00 00:00:00'),
(597, 'Sylhet', 'Sylhet', 'South Shurma', '7039', '2015-02-03 07:14:17', '0000-00-00 00:00:00'),
(598, 'Sylhet', 'Sylhet', 'Sylhet Sadar', '7040', '2015-02-03 07:14:17', '0000-00-00 00:00:00'),
(599, 'Sylhet', 'Sylhet', 'Zakiganj', '7041', '2015-02-03 07:14:17', '0000-00-00 00:00:00');

-- --------------------------------------------------------

--
-- Table structure for table `users`
--

CREATE TABLE IF NOT EXISTS `users` (
  `id` int(10) unsigned NOT NULL AUTO_INCREMENT,
  `email` varchar(50) COLLATE utf8_unicode_ci NOT NULL,
  `password` varchar(100) COLLATE utf8_unicode_ci NOT NULL,
  `remember_token` varchar(100) COLLATE utf8_unicode_ci NOT NULL,
  `created_at` timestamp NOT NULL DEFAULT CURRENT_TIMESTAMP ON UPDATE CURRENT_TIMESTAMP,
  `updated_at` timestamp NOT NULL DEFAULT '0000-00-00 00:00:00',
  PRIMARY KEY (`id`)
) ENGINE=InnoDB  DEFAULT CHARSET=utf8 COLLATE=utf8_unicode_ci AUTO_INCREMENT=2 ;

--
-- Dumping data for table `users`
--

INSERT INTO `users` (`id`, `email`, `password`, `remember_token`, `created_at`, `updated_at`) VALUES
(1, 'analyzen@gmail.com', '$2y$10$jvo3APzimJkEf6WliZHPyemithWJ7urCtO0KDBOj9xAV2fy1Uwg.S', '5Mfadn3zlSqa57izwobvuPwtl6ghyAJWAegruBACHV9yXwBxhWbvmhlf5kuP', '2015-02-06 10:57:56', '2015-02-06 04:57:56');

/*!40101 SET CHARACTER_SET_CLIENT=@OLD_CHARACTER_SET_CLIENT */;
/*!40101 SET CHARACTER_SET_RESULTS=@OLD_CHARACTER_SET_RESULTS */;
/*!40101 SET COLLATION_CONNECTION=@OLD_COLLATION_CONNECTION */;
