-- phpMyAdmin SQL Dump
-- version 4.1.6
-- http://www.phpmyadmin.net
--
-- Host: 127.0.0.1
-- Generation Time: Feb 09, 2015 at 03:19 PM
-- Server version: 5.6.16
-- PHP Version: 5.5.9

SET SQL_MODE = "NO_AUTO_VALUE_ON_ZERO";
SET time_zone = "+00:00";


/*!40101 SET @OLD_CHARACTER_SET_CLIENT=@@CHARACTER_SET_CLIENT */;
/*!40101 SET @OLD_CHARACTER_SET_RESULTS=@@CHARACTER_SET_RESULTS */;
/*!40101 SET @OLD_COLLATION_CONNECTION=@@COLLATION_CONNECTION */;
/*!40101 SET NAMES utf8 */;

--
-- Database: `campaign`
--

-- --------------------------------------------------------

--
-- Table structure for table `bp_info`
--

CREATE TABLE IF NOT EXISTS `bp_info` (
  `id` int(10) unsigned NOT NULL AUTO_INCREMENT,
  `region` varchar(30) COLLATE utf8_unicode_ci NOT NULL,
  `district` varchar(30) COLLATE utf8_unicode_ci NOT NULL,
  `team` varchar(5) COLLATE utf8_unicode_ci NOT NULL,
  `lsa_code` varchar(20) COLLATE utf8_unicode_ci NOT NULL,
  `name` varchar(50) COLLATE utf8_unicode_ci NOT NULL,
  `mobile` varchar(15) COLLATE utf8_unicode_ci NOT NULL,
  `created_at` timestamp NOT NULL DEFAULT CURRENT_TIMESTAMP ON UPDATE CURRENT_TIMESTAMP,
  `updated_at` timestamp NOT NULL DEFAULT '0000-00-00 00:00:00',
  PRIMARY KEY (`id`)
) ENGINE=InnoDB  DEFAULT CHARSET=utf8 COLLATE=utf8_unicode_ci AUTO_INCREMENT=101 ;

--
-- Dumping data for table `bp_info`
--

INSERT INTO `bp_info` (`id`, `region`, `district`, `team`, `lsa_code`, `name`, `mobile`, `created_at`, `updated_at`) VALUES
(1, 'Chittagong Metro', 'Chittagong', 'H', 'CMH0001', 'Mohammad Yost', '0194749996', '2015-02-09 05:11:52', '0000-00-00 00:00:00'),
(2, 'Bhola Metro', 'Bhola', 'N', 'BMN0002', 'Madilyn Ebert', '0198491021', '2015-02-09 05:11:53', '0000-00-00 00:00:00'),
(3, 'Dhaka Metro', 'Dhaka', 'V', 'DMV0003', 'Carolyne Haley', '0198024994', '2015-02-09 05:11:53', '0000-00-00 00:00:00'),
(4, 'Bogra Metro', 'Bogra', 'G', 'BMG0004', 'Elody Brown', '0199787827', '2015-02-09 05:11:53', '0000-00-00 00:00:00'),
(5, 'Mymensingh Metro', 'Mymensingh', 'C', 'MMC0005', 'Ruthie Wisozk', '0197075439', '2015-02-09 05:11:53', '0000-00-00 00:00:00'),
(6, 'Dhaka Outer', 'Dhaka', 'K', 'DOK0006', 'Edythe Koelpin', '0191663884', '2015-02-09 05:11:53', '0000-00-00 00:00:00'),
(7, 'Nawabganj Metro', 'Nawabganj', 'V', 'NMV0007', 'Mrs. Alyce Botsford II', '0194247307', '2015-02-09 05:11:53', '0000-00-00 00:00:00'),
(8, 'Noakhali Outer', 'Noakhali', 'M', 'NOM0008', 'Haylie Stanton', '0192919041', '2015-02-09 05:11:53', '0000-00-00 00:00:00'),
(9, 'Sunamganj Metro', 'Sunamganj', 'P', 'SMP0009', 'Gerald Pollich DVM', '0197766004', '2015-02-09 05:11:53', '0000-00-00 00:00:00'),
(10, 'Sunamganj Metro', 'Sunamganj', 'W', 'SMW0010', 'Prof. Sage DuBuque MD', '0193413256', '2015-02-09 05:11:53', '0000-00-00 00:00:00'),
(11, 'Sirajganj Metro', 'Sirajganj', 'F', 'SMF0011', 'Melissa Bogan DVM', '0196471614', '2015-02-09 05:11:53', '0000-00-00 00:00:00'),
(12, 'Meherpur Metro', 'Meherpur', 'Z', 'MMZ0012', 'Zella Abernathy', '0191979832', '2015-02-09 05:11:53', '0000-00-00 00:00:00'),
(13, 'Rajshahi Metro', 'Rajshahi', 'L', 'RML0013', 'Rupert Casper', '0199577326', '2015-02-09 05:11:53', '0000-00-00 00:00:00'),
(14, 'Narail Metro', 'Narail', 'S', 'NMS0014', 'Blair Bradtke', '0196371068', '2015-02-09 05:11:53', '0000-00-00 00:00:00'),
(15, 'Khulna Metro', 'Khulna', 'N', 'KMN0015', 'Prof. Ariel Beier MD', '0196225668', '2015-02-09 05:11:53', '0000-00-00 00:00:00'),
(16, 'Pirojpur Metro', 'Pirojpur', 'V', 'PMV0016', 'Dr. Rory Hills', '0197127719', '2015-02-09 05:11:53', '0000-00-00 00:00:00'),
(17, 'Kurigram Outer', 'Kurigram', 'N', 'KON0017', 'Kirk Powlowski', '0191956697', '2015-02-09 05:11:53', '0000-00-00 00:00:00'),
(18, 'Kurigram Outer', 'Kurigram', 'U', 'KOU0018', 'Theo Tromp', '0191416574', '2015-02-09 05:11:54', '0000-00-00 00:00:00'),
(19, 'Madaripur Outer', 'Madaripur', 'Y', 'MOY0019', 'Linwood Witting', '019148238', '2015-02-09 05:11:54', '0000-00-00 00:00:00'),
(20, 'Netrokona Metro', 'Netrokona', 'D', 'NMD0020', 'Hilda Douglas', '0196828361', '2015-02-09 05:11:54', '0000-00-00 00:00:00'),
(21, 'Dhaka Outer', 'Dhaka', 'K', 'DOK0021', 'Miss Arianna Gleason Sr.', '0197932628', '2015-02-09 05:11:54', '0000-00-00 00:00:00'),
(22, 'Sylhet Metro', 'Sylhet', 'V', 'SMV0022', 'Lela Sporer', '0198991753', '2015-02-09 05:11:54', '0000-00-00 00:00:00'),
(23, 'Chittagong Metro', 'Chittagong', 'N', 'CMN0023', 'Prof. Harry Waters', '0198576235', '2015-02-09 05:11:54', '0000-00-00 00:00:00'),
(24, 'Faridpur Metro', 'Faridpur', 'C', 'FMC0024', 'Miss Aliza Pollich PhD', '0191448061', '2015-02-09 05:11:54', '0000-00-00 00:00:00'),
(25, 'Gaibandha Outer', 'Gaibandha', 'I', 'GOI0025', 'Afton Orn', '0196274950', '2015-02-09 05:11:54', '0000-00-00 00:00:00'),
(26, 'Chandpur Metro', 'Chandpur', 'M', 'CMM0026', 'Miss Audreanne Kling', '0194986854', '2015-02-09 05:11:54', '0000-00-00 00:00:00'),
(27, 'Kishoreganj Outer', 'Kishoreganj', 'H', 'KOH0027', 'Lou Ritchie', '0195130890', '2015-02-09 05:11:54', '0000-00-00 00:00:00'),
(28, 'Shariatpur Outer', 'Shariatpur', 'M', 'SOM0028', 'Shaun Barton Sr.', '0198902799', '2015-02-09 05:11:54', '0000-00-00 00:00:00'),
(29, 'Moulvibazar Outer', 'Moulvibazar', 'J', 'MOJ0029', 'Gianni Anderson', '0195056468', '2015-02-09 05:11:54', '0000-00-00 00:00:00'),
(30, 'Mymensingh Outer', 'Mymensingh', 'H', 'MOH0030', 'Mrs. Katrina Wilderman', '019544386', '2015-02-09 05:11:54', '0000-00-00 00:00:00'),
(31, 'Sunamganj Metro', 'Sunamganj', 'Q', 'SMQ0031', 'Mrs. Destiney Roberts', '0196972445', '2015-02-09 05:11:54', '0000-00-00 00:00:00'),
(32, 'Comilla Outer', 'Comilla', 'X', 'COX0032', 'Jose Effertz', '0197430050', '2015-02-09 05:11:54', '0000-00-00 00:00:00'),
(33, 'Barisal Outer', 'Barisal', 'L', 'BOL0033', 'Kelsie Roob III', '019831462', '2015-02-09 05:11:54', '0000-00-00 00:00:00'),
(34, 'Shariatpur Metro', 'Shariatpur', 'O', 'SMO0034', 'Fanny Jaskolski', '0197942904', '2015-02-09 05:11:54', '0000-00-00 00:00:00'),
(35, 'Chandpur Outer', 'Chandpur', 'V', 'COV0035', 'Brian Johnson II', '0191642496', '2015-02-09 05:11:54', '0000-00-00 00:00:00'),
(36, 'Dhaka Outer', 'Dhaka', 'P', 'DOP0036', 'Prof. Gideon Blick', '019246614', '2015-02-09 05:11:54', '0000-00-00 00:00:00'),
(37, 'Bandarban Outer', 'Bandarban', 'P', 'BOP0037', 'Ines Baumbach', '0196486006', '2015-02-09 05:11:55', '0000-00-00 00:00:00'),
(38, 'Dhaka Metro', 'Dhaka', 'S', 'DMS0038', 'Marge Olson Sr.', '0198213945', '2015-02-09 05:11:55', '0000-00-00 00:00:00'),
(39, 'Sirajganj Outer', 'Sirajganj', 'S', 'SOS0039', 'Marielle Skiles', '0191993616', '2015-02-09 05:11:55', '0000-00-00 00:00:00'),
(40, 'Lakshmipur Outer', 'Lakshmipur', 'O', 'LOO0040', 'Adelbert Homenick', '0199992123', '2015-02-09 05:11:55', '0000-00-00 00:00:00'),
(41, 'Feni Outer', 'Feni', 'D', 'FOD0041', 'Prof. Aurelio D''Amore DDS', '0196796196', '2015-02-09 05:11:55', '0000-00-00 00:00:00'),
(42, 'Dhaka Metro', 'Dhaka', 'T', 'DMT0042', 'Tiffany Koss Sr.', '0196643240', '2015-02-09 05:11:55', '0000-00-00 00:00:00'),
(43, 'Rajshahi Metro', 'Rajshahi', 'S', 'RMS0043', 'Frances Predovic', '0193001709', '2015-02-09 05:11:55', '0000-00-00 00:00:00'),
(44, 'Sirajganj Metro', 'Sirajganj', 'W', 'SMW0044', 'Andy Kuhn Jr.', '0194604905', '2015-02-09 05:11:55', '0000-00-00 00:00:00'),
(45, 'Thakurgaon Metro', 'Thakurgaon', 'E', 'TME0045', 'Herminia Nicolas', '0191741086', '2015-02-09 05:11:55', '0000-00-00 00:00:00'),
(46, 'Jessore Outer', 'Jessore', 'K', 'JOK0046', 'Marco Hoeger', '019327653', '2015-02-09 05:11:55', '0000-00-00 00:00:00'),
(47, 'Kurigram Metro', 'Kurigram', 'A', 'KMA0047', 'Sydnee Ruecker', '0192917935', '2015-02-09 05:11:55', '0000-00-00 00:00:00'),
(48, 'Dhaka Outer', 'Dhaka', 'Z', 'DOZ0048', 'Doyle Mann', '0194821115', '2015-02-09 05:11:55', '0000-00-00 00:00:00'),
(49, 'Gaibandha Metro', 'Gaibandha', 'X', 'GMX0049', 'Bradly Predovic', '0194109218', '2015-02-09 05:11:55', '0000-00-00 00:00:00'),
(50, 'Kishoreganj Outer', 'Kishoreganj', 'E', 'KOE0050', 'Ed Wisoky', '0198430022', '2015-02-09 05:11:55', '0000-00-00 00:00:00'),
(51, 'Sunamganj Metro', 'Sunamganj', 'Z', 'SMZ0051', 'Dr. Kurtis Sporer Sr.', '0192781302', '2015-02-09 05:11:55', '0000-00-00 00:00:00'),
(52, 'Kushtia Metro', 'Kushtia', 'X', 'KMX0052', 'August McDermott DDS', '0194398872', '2015-02-09 05:11:55', '0000-00-00 00:00:00'),
(53, 'Rajshahi Outer', 'Rajshahi', 'V', 'ROV0053', 'Prof. Marcellus Turner Sr.', '0194387830', '2015-02-09 05:11:55', '0000-00-00 00:00:00'),
(54, 'Narsingdi Outer', 'Narsingdi', 'M', 'NOM0054', 'Brett Gutkowski', '0191102022', '2015-02-09 05:11:55', '0000-00-00 00:00:00'),
(55, 'Meherpur Metro', 'Meherpur', 'J', 'MMJ0055', 'Anna Brakus', '0194852300', '2015-02-09 05:11:55', '0000-00-00 00:00:00'),
(56, 'Patuakhali Outer', 'Patuakhali', 'D', 'POD0056', 'Prof. Leo Wilkinson DVM', '0196507830', '2015-02-09 05:11:55', '0000-00-00 00:00:00'),
(57, 'Patuakhali Outer', 'Patuakhali', 'O', 'POO0057', 'Dr. Maverick Kuvalis', '0195370164', '2015-02-09 05:11:56', '0000-00-00 00:00:00'),
(58, 'Dhaka Outer', 'Dhaka', 'M', 'DOM0058', 'Bradley Langworth', '0198019537', '2015-02-09 05:11:56', '0000-00-00 00:00:00'),
(59, 'Chittagong Outer', 'Chittagong', 'Y', 'COY0059', 'Houston Jerde', '0192218803', '2015-02-09 05:11:56', '0000-00-00 00:00:00'),
(60, 'Dhaka Outer', 'Dhaka', 'I', 'DOI0060', 'Evie Luettgen', '0196906280', '2015-02-09 05:11:56', '0000-00-00 00:00:00'),
(61, 'Sylhet Outer', 'Sylhet', 'S', 'SOS0061', 'Mrs. Valerie Hayes Jr.', '0194092528', '2015-02-09 05:11:56', '0000-00-00 00:00:00'),
(62, 'Tangail Metro', 'Tangail', 'B', 'TMB0062', 'Tiana Bahringer', '0194645562', '2015-02-09 05:11:56', '0000-00-00 00:00:00'),
(63, 'Netrokona Outer', 'Netrokona', 'S', 'NOS0063', 'Prof. Melisa Hammes MD', '0195932205', '2015-02-09 05:11:56', '0000-00-00 00:00:00'),
(64, 'Habiganj Outer', 'Habiganj', 'A', 'HOA0064', 'Alysson Senger', '0198885603', '2015-02-09 05:11:56', '0000-00-00 00:00:00'),
(65, 'Chittagong Metro', 'Chittagong', 'X', 'CMX0065', 'Kay Emmerich', '0194203808', '2015-02-09 05:11:56', '0000-00-00 00:00:00'),
(66, 'Gopalganj Outer', 'Gopalganj', 'M', 'GOM0066', 'Haskell Mitchell', '0194617796', '2015-02-09 05:11:56', '0000-00-00 00:00:00'),
(67, 'Dhaka Outer', 'Dhaka', 'I', 'DOI0067', 'Deon Stiedemann', '0191395924', '2015-02-09 05:11:56', '0000-00-00 00:00:00'),
(68, 'Natore Outer', 'Natore', 'D', 'NOD0068', 'Timothy Kilback', '019407831', '2015-02-09 05:11:56', '0000-00-00 00:00:00'),
(69, 'Sylhet Metro', 'Sylhet', 'O', 'SMO0069', 'Nola Dach', '0198134279', '2015-02-09 05:11:56', '0000-00-00 00:00:00'),
(70, 'Kurigram Outer', 'Kurigram', 'E', 'KOE0070', 'Zelma Corkery', '0197716710', '2015-02-09 05:11:56', '0000-00-00 00:00:00'),
(71, 'Pirojpur Metro', 'Pirojpur', 'U', 'PMU0071', 'Jorge Runolfsson', '0196005473', '2015-02-09 05:11:56', '0000-00-00 00:00:00'),
(72, 'Netrokona Outer', 'Netrokona', 'G', 'NOG0072', 'Alexanne Tillman', '0194971459', '2015-02-09 05:11:56', '0000-00-00 00:00:00'),
(73, 'Jessore Outer', 'Jessore', 'M', 'JOM0073', 'Albin Heidenreich', '0195510484', '2015-02-09 05:11:56', '0000-00-00 00:00:00'),
(74, 'Narsingdi Outer', 'Narsingdi', 'T', 'NOT0074', 'Shirley Aufderhar MD', '0197567416', '2015-02-09 05:11:56', '0000-00-00 00:00:00'),
(75, 'Habiganj Outer', 'Habiganj', 'O', 'HOO0075', 'Cheyanne Bednar', '0195498837', '2015-02-09 05:11:56', '0000-00-00 00:00:00'),
(76, 'Barguna Outer', 'Barguna', 'E', 'BOE0076', 'Dejah Kerluke', '0197967215', '2015-02-09 05:11:56', '0000-00-00 00:00:00'),
(77, 'Lakshmipur Metro', 'Lakshmipur', 'K', 'LMK0077', 'Destinee Spencer', '0196738235', '2015-02-09 05:11:56', '0000-00-00 00:00:00'),
(78, 'Tangail Outer', 'Tangail', 'R', 'TOR0078', 'Mr. Duncan Schmidt Sr.', '0196807713', '2015-02-09 05:11:56', '0000-00-00 00:00:00'),
(79, 'Rangamati Metro', 'Rangamati', 'Q', 'RMQ0079', 'Roberto Terry', '0199886776', '2015-02-09 05:11:56', '0000-00-00 00:00:00'),
(80, 'Bandarban Metro', 'Bandarban', 'D', 'BMD0080', 'Mrs. Roxane Walker PhD', '01945462', '2015-02-09 05:11:56', '0000-00-00 00:00:00'),
(81, 'Sherpur Metro', 'Sherpur', 'B', 'SMB0081', 'Regan Abshire V', '01971970', '2015-02-09 05:11:57', '0000-00-00 00:00:00'),
(82, 'Chittagong Outer', 'Chittagong', 'V', 'COV0082', 'Carissa Leannon DDS', '0199749688', '2015-02-09 05:11:57', '0000-00-00 00:00:00'),
(83, 'Narayanganj Outer', 'Narayanganj', 'T', 'NOT0083', 'Noah Reilly', '0194859966', '2015-02-09 05:11:57', '0000-00-00 00:00:00'),
(84, 'Bagerhat Metro', 'Bagerhat', 'S', 'BMS0084', 'Miss Shanna Altenwerth', '0197333855', '2015-02-09 05:11:57', '0000-00-00 00:00:00'),
(85, 'Patuakhali Outer', 'Patuakhali', 'R', 'POR0085', 'Vivienne Hickle', '0193139317', '2015-02-09 05:11:57', '0000-00-00 00:00:00'),
(86, 'Gazipur Outer', 'Gazipur', 'A', 'GOA0086', 'Lorena Kshlerin', '0196775473', '2015-02-09 05:11:57', '0000-00-00 00:00:00'),
(87, 'Dhaka Outer', 'Dhaka', 'E', 'DOE0087', 'Hassie Hamill', '0196825288', '2015-02-09 05:11:57', '0000-00-00 00:00:00'),
(88, 'Khagrachari Metro', 'Khagrachari', 'Y', 'KMY0088', 'Rogers Schuster', '0195179526', '2015-02-09 05:11:57', '0000-00-00 00:00:00'),
(89, 'Netrokona Outer', 'Netrokona', 'O', 'NOO0089', 'Mr. Chet Roob Sr.', '0194741586', '2015-02-09 05:11:57', '0000-00-00 00:00:00'),
(90, 'Rajshahi Metro', 'Rajshahi', 'Z', 'RMZ0090', 'Cyril McKenzie V', '0198137578', '2015-02-09 05:11:57', '0000-00-00 00:00:00'),
(91, 'Sunamganj Outer', 'Sunamganj', 'B', 'SOB0091', 'Webster Pagac', '0191993053', '2015-02-09 05:11:57', '0000-00-00 00:00:00'),
(92, 'Moulvibazar Outer', 'Moulvibazar', 'T', 'MOT0092', 'Brianne Ullrich', '0195793267', '2015-02-09 05:11:57', '0000-00-00 00:00:00'),
(93, 'Chandpur Metro', 'Chandpur', 'T', 'CMT0093', 'Alice McDermott PhD', '0196914706', '2015-02-09 05:11:57', '0000-00-00 00:00:00'),
(94, 'Brahmanbaria Metro', 'Brahmanbaria', 'B', 'BMB0094', 'Prof. Jean Wuckert V', '0197415283', '2015-02-09 05:11:57', '0000-00-00 00:00:00'),
(95, 'Gopalganj Metro', 'Gopalganj', 'U', 'GMU0095', 'Buford Collins', '0195243451', '2015-02-09 05:11:57', '0000-00-00 00:00:00'),
(96, 'Gopalganj Metro', 'Gopalganj', 'X', 'GMX0096', 'Ali Kessler', '0197858552', '2015-02-09 05:11:57', '0000-00-00 00:00:00'),
(97, 'Khagrachari Metro', 'Khagrachari', 'A', 'KMA0097', 'Kaycee Haley', '0193024242', '2015-02-09 05:11:57', '0000-00-00 00:00:00'),
(98, 'Chittagong Outer', 'Chittagong', 'F', 'COF0098', 'Ms. Adeline Swaniawski', '0196267901', '2015-02-09 05:11:57', '0000-00-00 00:00:00'),
(99, 'Sunamganj Outer', 'Sunamganj', 'H', 'SOH0099', 'Hector Jerde', '019797611', '2015-02-09 05:11:57', '0000-00-00 00:00:00'),
(100, 'Habiganj Outer', 'Habiganj', 'O', 'HOO0100', 'Prof. Mason Terry V', '0198105437', '2015-02-09 05:11:57', '0000-00-00 00:00:00');

-- --------------------------------------------------------

--
-- Table structure for table `coupon`
--

CREATE TABLE IF NOT EXISTS `coupon` (
  `id` int(10) unsigned NOT NULL AUTO_INCREMENT,
  `coupon_code` varchar(50) COLLATE utf8_unicode_ci NOT NULL,
  `created_at` timestamp NOT NULL DEFAULT CURRENT_TIMESTAMP ON UPDATE CURRENT_TIMESTAMP,
  `updated_at` timestamp NOT NULL DEFAULT '0000-00-00 00:00:00',
  PRIMARY KEY (`id`)
) ENGINE=InnoDB  DEFAULT CHARSET=utf8 COLLATE=utf8_unicode_ci AUTO_INCREMENT=101 ;

--
-- Dumping data for table `coupon`
--

INSERT INTO `coupon` (`id`, `coupon_code`, `created_at`, `updated_at`) VALUES
(1, '26655488', '2015-02-09 05:11:57', '0000-00-00 00:00:00'),
(2, '66622908', '2015-02-09 05:11:57', '0000-00-00 00:00:00'),
(3, '10408881', '2015-02-09 05:11:57', '0000-00-00 00:00:00'),
(4, '44683688', '2015-02-09 05:11:57', '0000-00-00 00:00:00'),
(5, '25886166', '2015-02-09 05:11:57', '0000-00-00 00:00:00'),
(6, '40073938', '2015-02-09 05:11:57', '0000-00-00 00:00:00'),
(7, '17362422', '2015-02-09 05:11:58', '0000-00-00 00:00:00'),
(8, '13461604', '2015-02-09 05:11:58', '0000-00-00 00:00:00'),
(9, '97205811', '2015-02-09 05:11:58', '0000-00-00 00:00:00'),
(10, '96838732', '2015-02-09 05:11:58', '0000-00-00 00:00:00'),
(11, '40648601', '2015-02-09 05:11:58', '0000-00-00 00:00:00'),
(12, '25839854', '2015-02-09 05:11:58', '0000-00-00 00:00:00'),
(13, '89250363', '2015-02-09 05:11:58', '0000-00-00 00:00:00'),
(14, '7790058', '2015-02-09 05:11:58', '0000-00-00 00:00:00'),
(15, '94130337', '2015-02-09 05:11:58', '0000-00-00 00:00:00'),
(16, '82544811', '2015-02-09 05:11:58', '0000-00-00 00:00:00'),
(17, '45917421', '2015-02-09 05:11:58', '0000-00-00 00:00:00'),
(18, '49238087', '2015-02-09 05:11:58', '0000-00-00 00:00:00'),
(19, '13868408', '2015-02-09 05:11:58', '0000-00-00 00:00:00'),
(20, '78956020', '2015-02-09 05:11:58', '0000-00-00 00:00:00'),
(21, '58367994', '2015-02-09 05:11:58', '0000-00-00 00:00:00'),
(22, '74343751', '2015-02-09 05:11:58', '0000-00-00 00:00:00'),
(23, '81029004', '2015-02-09 05:11:58', '0000-00-00 00:00:00'),
(24, '27550757', '2015-02-09 05:11:58', '0000-00-00 00:00:00'),
(25, '89203559', '2015-02-09 05:11:58', '0000-00-00 00:00:00'),
(26, '81355667', '2015-02-09 05:11:58', '0000-00-00 00:00:00'),
(27, '99961892', '2015-02-09 05:11:58', '0000-00-00 00:00:00'),
(28, '33071488', '2015-02-09 05:11:58', '0000-00-00 00:00:00'),
(29, '58918168', '2015-02-09 05:11:58', '0000-00-00 00:00:00'),
(30, '98183749', '2015-02-09 05:11:58', '0000-00-00 00:00:00'),
(31, '70606809', '2015-02-09 05:11:58', '0000-00-00 00:00:00'),
(32, '23204809', '2015-02-09 05:11:58', '0000-00-00 00:00:00'),
(33, '90370116', '2015-02-09 05:11:58', '0000-00-00 00:00:00'),
(34, '7653728', '2015-02-09 05:11:59', '0000-00-00 00:00:00'),
(35, '10781789', '2015-02-09 05:11:59', '0000-00-00 00:00:00'),
(36, '7408447', '2015-02-09 05:11:59', '0000-00-00 00:00:00'),
(37, '83441846', '2015-02-09 05:11:59', '0000-00-00 00:00:00'),
(38, '86440817', '2015-02-09 05:11:59', '0000-00-00 00:00:00'),
(39, '82367553', '2015-02-09 05:11:59', '0000-00-00 00:00:00'),
(40, '18742140', '2015-02-09 05:11:59', '0000-00-00 00:00:00'),
(41, '46830487', '2015-02-09 05:11:59', '0000-00-00 00:00:00'),
(42, '2015410', '2015-02-09 05:11:59', '0000-00-00 00:00:00'),
(43, '49059560', '2015-02-09 05:11:59', '0000-00-00 00:00:00'),
(44, '52304240', '2015-02-09 05:11:59', '0000-00-00 00:00:00'),
(45, '95275531', '2015-02-09 05:11:59', '0000-00-00 00:00:00'),
(46, '11652198', '2015-02-09 05:11:59', '0000-00-00 00:00:00'),
(47, '30210425', '2015-02-09 05:11:59', '0000-00-00 00:00:00'),
(48, '78916837', '2015-02-09 05:12:00', '0000-00-00 00:00:00'),
(49, '27063016', '2015-02-09 05:12:00', '0000-00-00 00:00:00'),
(50, '2358833', '2015-02-09 05:12:00', '0000-00-00 00:00:00'),
(51, '82127476', '2015-02-09 05:12:00', '0000-00-00 00:00:00'),
(52, '11457623', '2015-02-09 05:12:00', '0000-00-00 00:00:00'),
(53, '90427310', '2015-02-09 05:12:00', '0000-00-00 00:00:00'),
(54, '83470855', '2015-02-09 05:12:00', '0000-00-00 00:00:00'),
(55, '62261272', '2015-02-09 05:12:00', '0000-00-00 00:00:00'),
(56, '45631456', '2015-02-09 05:12:00', '0000-00-00 00:00:00'),
(57, '68119584', '2015-02-09 05:12:00', '0000-00-00 00:00:00'),
(58, '37493242', '2015-02-09 05:12:00', '0000-00-00 00:00:00'),
(59, '79569398', '2015-02-09 05:12:00', '0000-00-00 00:00:00'),
(60, '4881437', '2015-02-09 05:12:00', '0000-00-00 00:00:00'),
(61, '34330659', '2015-02-09 05:12:00', '0000-00-00 00:00:00'),
(62, '86812679', '2015-02-09 05:12:00', '0000-00-00 00:00:00'),
(63, '14644883', '2015-02-09 05:12:00', '0000-00-00 00:00:00'),
(64, '38618190', '2015-02-09 05:12:00', '0000-00-00 00:00:00'),
(65, '51014597', '2015-02-09 05:12:00', '0000-00-00 00:00:00'),
(66, '87114327', '2015-02-09 05:12:01', '0000-00-00 00:00:00'),
(67, '54284140', '2015-02-09 05:12:01', '0000-00-00 00:00:00'),
(68, '23791584', '2015-02-09 05:12:01', '0000-00-00 00:00:00'),
(69, '35748556', '2015-02-09 05:12:01', '0000-00-00 00:00:00'),
(70, '31339544', '2015-02-09 05:12:01', '0000-00-00 00:00:00'),
(71, '79616708', '2015-02-09 05:12:01', '0000-00-00 00:00:00'),
(72, '53635471', '2015-02-09 05:12:01', '0000-00-00 00:00:00'),
(73, '12235706', '2015-02-09 05:12:01', '0000-00-00 00:00:00'),
(74, '90296002', '2015-02-09 05:12:01', '0000-00-00 00:00:00'),
(75, '68568940', '2015-02-09 05:12:01', '0000-00-00 00:00:00'),
(76, '76612277', '2015-02-09 05:12:01', '0000-00-00 00:00:00'),
(77, '59184282', '2015-02-09 05:12:01', '0000-00-00 00:00:00'),
(78, '36537928', '2015-02-09 05:12:01', '0000-00-00 00:00:00'),
(79, '63104840', '2015-02-09 05:12:01', '0000-00-00 00:00:00'),
(80, '69634286', '2015-02-09 05:12:01', '0000-00-00 00:00:00'),
(81, '82938562', '2015-02-09 05:12:01', '0000-00-00 00:00:00'),
(82, '77991236', '2015-02-09 05:12:01', '0000-00-00 00:00:00'),
(83, '24959080', '2015-02-09 05:12:01', '0000-00-00 00:00:00'),
(84, '30363663', '2015-02-09 05:12:01', '0000-00-00 00:00:00'),
(85, '9735574', '2015-02-09 05:12:01', '0000-00-00 00:00:00'),
(86, '17010409', '2015-02-09 05:12:01', '0000-00-00 00:00:00'),
(87, '23396506', '2015-02-09 05:12:01', '0000-00-00 00:00:00'),
(88, '93728220', '2015-02-09 05:12:02', '0000-00-00 00:00:00'),
(89, '99122078', '2015-02-09 05:12:02', '0000-00-00 00:00:00'),
(90, '4200284', '2015-02-09 05:12:02', '0000-00-00 00:00:00'),
(91, '33554113', '2015-02-09 05:12:02', '0000-00-00 00:00:00'),
(92, '33873399', '2015-02-09 05:12:02', '0000-00-00 00:00:00'),
(93, '99163618', '2015-02-09 05:12:02', '0000-00-00 00:00:00'),
(94, '91981908', '2015-02-09 05:12:02', '0000-00-00 00:00:00'),
(95, '84510367', '2015-02-09 05:12:02', '0000-00-00 00:00:00'),
(96, '13331728', '2015-02-09 05:12:02', '0000-00-00 00:00:00'),
(97, '62975738', '2015-02-09 05:12:02', '0000-00-00 00:00:00'),
(98, '76887961', '2015-02-09 05:12:02', '0000-00-00 00:00:00'),
(99, '38895162', '2015-02-09 05:12:02', '0000-00-00 00:00:00'),
(100, '88573422', '2015-02-09 05:12:02', '0000-00-00 00:00:00');

-- --------------------------------------------------------

--
-- Table structure for table `currently_used_product`
--

CREATE TABLE IF NOT EXISTS `currently_used_product` (
  `id` int(10) unsigned NOT NULL AUTO_INCREMENT,
  `product` varchar(15) COLLATE utf8_unicode_ci NOT NULL,
  `created_at` timestamp NOT NULL DEFAULT CURRENT_TIMESTAMP ON UPDATE CURRENT_TIMESTAMP,
  `updated_at` timestamp NOT NULL DEFAULT '0000-00-00 00:00:00',
  `product_id` int(11) NOT NULL,
  PRIMARY KEY (`id`)
) ENGINE=InnoDB  DEFAULT CHARSET=utf8 COLLATE=utf8_unicode_ci AUTO_INCREMENT=6 ;

--
-- Dumping data for table `currently_used_product`
--

INSERT INTO `currently_used_product` (`id`, `product`, `created_at`, `updated_at`, `product_id`) VALUES
(1, 'UBL FW', '2015-02-03 07:39:37', '0000-00-00 00:00:00', 1),
(2, 'Comp. FW', '2015-02-03 07:39:41', '0000-00-00 00:00:00', 2),
(3, 'Soap User', '2015-02-03 07:39:43', '0000-00-00 00:00:00', 3),
(4, 'Proxy User', '2015-02-03 07:39:46', '0000-00-00 00:00:00', 4),
(5, 'none', '2015-02-03 07:36:40', '0000-00-00 00:00:00', 0);

-- --------------------------------------------------------

--
-- Table structure for table `education_info`
--

CREATE TABLE IF NOT EXISTS `education_info` (
  `id` int(10) unsigned NOT NULL AUTO_INCREMENT,
  `name` varchar(20) COLLATE utf8_unicode_ci NOT NULL,
  `created_at` timestamp NOT NULL DEFAULT CURRENT_TIMESTAMP ON UPDATE CURRENT_TIMESTAMP,
  `updated_at` timestamp NOT NULL DEFAULT '0000-00-00 00:00:00',
  PRIMARY KEY (`id`)
) ENGINE=InnoDB  DEFAULT CHARSET=utf8 COLLATE=utf8_unicode_ci AUTO_INCREMENT=6 ;

--
-- Dumping data for table `education_info`
--

INSERT INTO `education_info` (`id`, `name`, `created_at`, `updated_at`) VALUES
(1, 'Under SSC', '2015-02-05 14:03:35', '0000-00-00 00:00:00'),
(2, 'SSC', '2015-02-03 07:25:20', '0000-00-00 00:00:00'),
(3, 'HSC', '2015-02-03 07:25:41', '0000-00-00 00:00:00'),
(4, 'Grad', '2015-02-03 07:25:41', '0000-00-00 00:00:00'),
(5, 'Masters', '2015-02-03 07:25:51', '0000-00-00 00:00:00');

-- --------------------------------------------------------

--
-- Table structure for table `message`
--

CREATE TABLE IF NOT EXISTS `message` (
  `id` int(10) unsigned NOT NULL AUTO_INCREMENT,
  `campaign_id` varchar(10) COLLATE utf8_unicode_ci DEFAULT NULL,
  `customer_name` varchar(50) COLLATE utf8_unicode_ci DEFAULT NULL,
  `age` int(11) DEFAULT NULL,
  `gender` varchar(10) COLLATE utf8_unicode_ci DEFAULT NULL,
  `customer_mobile` varchar(15) COLLATE utf8_unicode_ci DEFAULT NULL,
  `thana_code` varchar(15) COLLATE utf8_unicode_ci DEFAULT NULL,
  `education_id` int(10) unsigned DEFAULT NULL,
  `occupation_id` int(10) unsigned DEFAULT NULL,
  `coupon_code` varchar(50) COLLATE utf8_unicode_ci DEFAULT NULL,
  `currently_used_product_table_id` int(10) unsigned DEFAULT NULL,
  `sales` varchar(5) COLLATE utf8_unicode_ci DEFAULT NULL,
  `products_sold` varchar(50) COLLATE utf8_unicode_ci DEFAULT NULL,
  `created_at` timestamp NOT NULL DEFAULT CURRENT_TIMESTAMP ON UPDATE CURRENT_TIMESTAMP,
  `updated_at` timestamp NOT NULL DEFAULT '0000-00-00 00:00:00',
  `bp_mobile` varchar(15) COLLATE utf8_unicode_ci NOT NULL,
  `error` text COLLATE utf8_unicode_ci,
  `full_message` varchar(255) COLLATE utf8_unicode_ci NOT NULL,
  `FAL` int(11) NOT NULL DEFAULT '0',
  `PDF` int(11) NOT NULL DEFAULT '0',
  `PWB` int(11) NOT NULL DEFAULT '0',
  `PNS` int(11) NOT NULL DEFAULT '0',
  `PPC` int(11) NOT NULL DEFAULT '0',
  `DBM` int(11) NOT NULL DEFAULT '0',
  PRIMARY KEY (`id`)
) ENGINE=InnoDB  DEFAULT CHARSET=utf8 COLLATE=utf8_unicode_ci AUTO_INCREMENT=106 ;

--
-- Dumping data for table `message`
--

INSERT INTO `message` (`id`, `campaign_id`, `customer_name`, `age`, `gender`, `customer_mobile`, `thana_code`, `education_id`, `occupation_id`, `coupon_code`, `currently_used_product_table_id`, `sales`, `products_sold`, `created_at`, `updated_at`, `bp_mobile`, `error`, `full_message`, `FAL`, `PDF`, `PWB`, `PNS`, `PPC`, `DBM`) VALUES
(1, 'u1', 'Alia Romaguera V', 22, 'M', '01740386294', '1059', 1, 3, '95275531', 3, 'N', '{"1":4,"2":8,"3":7,"4":0,"5":1,"6":8}', '2014-10-01 03:55:32', '2015-02-08 23:12:02', '0194749996', NULL, '', 4, 8, 7, 0, 1, 8),
(2, 'u1', 'Dr. Timothy Zemlak', 69, 'F', '01794914068', '5066', 3, 3, '24959080', 3, 'N', '{"1":3,"2":3,"3":7,"4":3,"5":5,"6":3}', '2014-02-12 07:46:17', '2015-02-08 23:12:02', '0191663884', NULL, '', 3, 3, 7, 3, 5, 3),
(3, 'u1', 'Ms. Leila Pollich', 39, 'F', '017440844', '1046', 3, 4, '45631456', 2, 'Y', '{"1":0,"2":2,"3":0,"4":4,"5":4,"6":2}', '2014-07-12 15:37:53', '2015-02-08 23:12:02', '0194821115', '{"mobile_invalid":"Customer mobile field invalid"}', '', 0, 2, 0, 4, 4, 2),
(4, 'u1', 'Dr. Blaze Littel II', 32, 'M', '01781431408', '1122', 2, 2, '84510367', 5, 'Y', '{"1":0,"2":4,"3":1,"4":8,"5":3,"6":2}', '2014-05-30 03:14:28', '2015-02-08 23:12:02', '0191102022', NULL, '', 0, 4, 1, 8, 3, 2),
(5, 'u1', 'Earlene Spinka III', 18, 'F', '01723314695', '4045', 5, 2, '89203559', 4, 'N', '{"1":4,"2":6,"3":8,"4":5,"5":0,"6":1}', '2014-05-29 05:03:04', '2015-02-08 23:12:02', '0199749688', NULL, '', 4, 6, 8, 5, 0, 1),
(6, 'u1', 'Freda Dicki', 66, 'M', '0173336131', '2098', 5, 3, '30210425', 2, 'N', '{"1":3,"2":2,"3":5,"4":6,"5":8,"6":8}', '2014-06-20 03:28:46', '2015-02-08 23:12:03', '0191395924', '{"mobile_invalid":"Customer mobile field invalid"}', '', 3, 2, 5, 6, 8, 8),
(7, 'u1', 'Anita Schimmel', 44, 'F', '01724957215', '5075', 3, 4, '9735574', 5, 'Y', '{"1":1,"2":3,"3":3,"4":8,"5":3,"6":3}', '2014-05-31 20:18:18', '2015-02-08 23:12:03', '0196005473', NULL, '', 1, 3, 3, 8, 3, 3),
(8, 'u1', 'Bartholome Wintheiser', 54, 'M', '01766544387', '2081', 4, 3, '51014597', 4, 'Y', '{"1":5,"2":9,"3":1,"4":6,"5":4,"6":0}', '2014-09-07 21:16:17', '2015-02-08 23:12:03', '0191102022', NULL, '', 5, 9, 1, 6, 4, 0),
(9, 'u1', 'Lydia Cole', 49, 'F', '01744640482', '1134', 1, 2, '94130337', 1, 'Y', '{"1":7,"2":6,"3":3,"4":8,"5":0,"6":8}', '2014-04-01 08:39:51', '2015-02-08 23:12:03', '0198019537', NULL, '', 7, 6, 3, 8, 0, 8),
(10, 'u1', 'Claudie DuBuque', 21, 'F', '01718865309', '6005', 5, 4, '2358833', 5, 'Y', '{"1":7,"2":6,"3":4,"4":9,"5":0,"6":3}', '2014-04-01 01:43:43', '2015-02-08 23:12:03', '0199749688', NULL, '', 7, 6, 4, 9, 0, 3),
(11, 'u1', 'Fidel Hermann', 30, 'F', '01722592374', '5014', 3, 2, '24959080', 4, 'Y', '{"1":3,"2":8,"3":0,"4":9,"5":2,"6":8}', '2014-09-29 08:43:16', '2015-02-08 23:12:03', '0195498837', NULL, '', 3, 8, 0, 9, 2, 8),
(12, 'u1', 'Braulio Huel', 54, 'M', '01781957914', '4004', 3, 3, '38618190', 5, 'N', '{"1":6,"2":0,"3":1,"4":4,"5":5,"6":3}', '2014-04-10 20:47:44', '2015-02-08 23:12:03', '0196486006', NULL, '', 6, 0, 1, 4, 5, 3),
(13, 'u1', 'Mr. Enos Weber', 42, 'M', '01798495617', '7034', 5, 2, '58918168', 3, 'N', '{"1":4,"2":3,"3":0,"4":6,"5":1,"6":5}', '2014-10-18 22:08:26', '2015-02-08 23:12:03', '01971970', NULL, '', 4, 3, 0, 6, 1, 5),
(14, 'u1', 'Gertrude Sanford', 47, 'F', '01753638724', '7005', 1, 3, '58367994', 5, 'N', '{"1":9,"2":4,"3":6,"4":1,"5":7,"6":0}', '2014-08-02 22:37:25', '2015-02-08 23:12:03', '0191993616', NULL, '', 9, 4, 6, 1, 7, 0),
(15, 'u1', 'Tyra Marquardt', 35, 'F', '01762593936', '3026', 2, 1, '69634286', 2, 'N', '{"1":0,"2":9,"3":8,"4":7,"5":2,"6":0}', '2014-05-23 21:55:24', '2015-02-08 23:12:03', '019327653', NULL, '', 0, 9, 8, 7, 2, 0),
(16, 'u1', 'Prof. Jordon Runolfsdottir', 44, 'F', '01757976335', '5036', 2, 1, '13461604', 2, 'Y', '{"1":2,"2":7,"3":2,"4":9,"5":8,"6":5}', '2014-07-01 15:41:22', '2015-02-08 23:12:03', '01971970', NULL, '', 2, 7, 2, 9, 8, 5),
(17, 'u1', 'Duane Abernathy', 53, 'M', '01766475513', '4033', 1, 1, '33554113', 5, 'Y', '{"1":1,"2":0,"3":3,"4":2,"5":6,"6":3}', '2014-10-07 14:28:42', '2015-02-08 23:12:03', '0195056468', NULL, '', 1, 0, 3, 2, 6, 3),
(18, 'u1', 'Jess Larkin', 34, 'M', '01773171761', '1006', 1, 4, '40648601', 3, 'N', '{"1":7,"2":2,"3":9,"4":3,"5":9,"6":5}', '2014-12-07 12:30:00', '2015-02-08 23:12:03', '0194247307', NULL, '', 7, 2, 9, 3, 9, 5),
(19, 'u1', 'Hailee Hoeger', 51, 'M', '01727482987', '1018', 3, 4, '40073938', 2, 'Y', '{"1":6,"2":6,"3":0,"4":2,"5":1,"6":0}', '2014-06-06 01:50:10', '2015-02-08 23:12:03', '0195510484', NULL, '', 6, 6, 0, 2, 1, 0),
(20, 'u1', 'Kaci Tremblay', 45, 'F', '0172446548', '1140', 4, 3, '4200284', 1, 'N', '{"1":3,"2":9,"3":7,"4":5,"5":8,"6":4}', '2014-09-29 13:30:55', '2015-02-08 23:12:03', '0194092528', '{"mobile_invalid":"Customer mobile field invalid"}', '', 3, 9, 7, 5, 8, 4),
(21, 'u1', 'Drake Gusikowski', 25, 'M', '01741901416', '3020', 2, 2, '27550757', 2, 'Y', '{"1":5,"2":4,"3":9,"4":5,"5":5,"6":0}', '2015-02-03 11:47:34', '2015-02-08 23:12:03', '0194821115', NULL, '', 5, 4, 9, 5, 5, 0),
(22, 'u1', 'Elenora Schumm MD', 24, 'M', '01777826029', '6034', 1, 3, '49238087', 4, 'Y', '{"1":9,"2":1,"3":6,"4":8,"5":3,"6":2}', '2014-03-25 11:32:10', '2015-02-08 23:12:03', '019407831', NULL, '', 9, 1, 6, 8, 3, 2),
(23, 'u1', 'Melba Dach', 65, 'M', '01781469993', '1101', 3, 3, '11457623', 5, 'Y', '{"1":7,"2":2,"3":2,"4":8,"5":3,"6":8}', '2014-07-24 21:28:42', '2015-02-08 23:12:03', '0195130890', NULL, '', 7, 2, 2, 8, 3, 8),
(24, 'u1', 'Laila Howell V', 44, 'M', '01724343802', '5011', 4, 2, '52304240', 5, 'Y', '{"1":1,"2":5,"3":3,"4":2,"5":1,"6":1}', '2015-01-25 16:58:51', '2015-02-08 23:12:03', '0194387830', NULL, '', 1, 5, 3, 2, 1, 1),
(25, 'u1', 'Dr. Shane Spencer', 45, 'M', '01753296906', '2046', 4, 4, '25839854', 5, 'Y', '{"1":2,"2":3,"3":8,"4":4,"5":1,"6":3}', '2014-12-17 18:55:47', '2015-02-08 23:12:03', '0197766004', NULL, '', 2, 3, 8, 4, 1, 3),
(26, 'u1', 'Quinn Kassulke', 32, 'F', '01747614566', '4048', 5, 1, '31339544', 5, 'Y', '{"1":4,"2":5,"3":6,"4":7,"5":2,"6":4}', '2014-08-27 20:10:00', '2015-02-08 23:12:03', '0196738235', NULL, '', 4, 5, 6, 7, 2, 4),
(27, 'u1', 'Myah O''Keefe V', 70, 'F', '01773774893', '4044', 1, 3, '91981908', 5, 'N', '{"1":6,"2":4,"3":4,"4":8,"5":4,"6":2}', '2014-02-13 16:05:11', '2015-02-08 23:12:03', '0197430050', NULL, '', 6, 4, 4, 8, 4, 2),
(28, 'u1', 'Jerod Swaniawski', 70, 'F', '01715670739', '2111', 1, 3, '76612277', 5, 'N', '{"1":2,"2":9,"3":6,"4":4,"5":0,"6":3}', '2014-02-15 01:40:18', '2015-02-08 23:12:03', '0198491021', NULL, '', 2, 9, 6, 4, 0, 3),
(29, 'u1', 'Morgan Wilkinson IV', 70, 'M', '01763015817', '5055', 1, 2, '77991236', 1, 'N', '{"1":5,"2":9,"3":6,"4":8,"5":1,"6":4}', '2014-09-17 16:57:50', '2015-02-08 23:12:04', '0195179526', NULL, '', 5, 9, 6, 8, 1, 4),
(30, 'u1', 'Mrs. Lavada Schmidt Sr.', 29, 'F', '0172765189', '5015', 1, 2, '68119584', 2, 'Y', '{"1":7,"2":6,"3":7,"4":8,"5":5,"6":0}', '2014-07-24 00:38:11', '2015-02-08 23:12:04', '0191416574', '{"mobile_invalid":"Customer mobile field invalid"}', '', 7, 6, 7, 8, 5, 0),
(31, 'u1', 'Torey Bernhard', 52, 'F', '0177204036', '5052', 2, 2, '33554113', 2, 'Y', '{"1":2,"2":9,"3":9,"4":9,"5":6,"6":2}', '2014-03-10 09:52:33', '2015-02-08 23:12:04', '019246614', '{"mobile_invalid":"Customer mobile field invalid"}', '', 2, 9, 9, 9, 6, 2),
(32, 'u1', 'Therese Veum', 40, 'M', '017686958', '2081', 2, 4, '86440817', 4, 'Y', '{"1":2,"2":3,"3":4,"4":0,"5":1,"6":6}', '2014-11-29 21:40:37', '2015-02-08 23:12:04', '0195056468', '{"mobile_invalid":"Customer mobile field invalid"}', '', 2, 3, 4, 0, 1, 6),
(33, 'u1', 'Queen Goodwin', 42, 'M', '01758698861', '6058', 4, 1, '40073938', 2, 'Y', '{"1":1,"2":0,"3":3,"4":4,"5":2,"6":1}', '2014-06-09 22:47:43', '2015-02-08 23:12:04', '0199886776', NULL, '', 1, 0, 3, 4, 2, 1),
(34, 'u1', 'Prof. Asa Blanda', 27, 'F', '0179852486', '6061', 3, 2, '66622908', 4, 'Y', '{"1":2,"2":2,"3":6,"4":5,"5":1,"6":7}', '2014-09-01 12:46:56', '2015-02-08 23:12:04', '0195510484', '{"mobile_invalid":"Customer mobile field invalid"}', '', 2, 2, 6, 5, 1, 7),
(35, 'u1', 'Torrey Kunde', 25, 'F', '01775043741', '4002', 2, 2, '23791584', 4, 'Y', '{"1":6,"2":5,"3":2,"4":6,"5":4,"6":0}', '2014-07-20 19:39:12', '2015-02-08 23:12:04', '0191979832', NULL, '', 6, 5, 2, 6, 4, 0),
(36, 'u1', 'Lester Shanahan', 57, 'F', '01779500727', '2007', 2, 1, '53635471', 2, 'Y', '{"1":3,"2":5,"3":0,"4":9,"5":7,"6":9}', '2014-04-24 13:17:50', '2015-02-08 23:12:04', '0198430022', NULL, '', 3, 5, 0, 9, 7, 9),
(37, 'u1', 'Alexa Hayes', 61, 'M', '01792174686', '1079', 1, 3, '88573422', 3, 'Y', '{"1":9,"2":5,"3":6,"4":2,"5":3,"6":5}', '2014-05-13 05:54:22', '2015-02-08 23:12:04', '0191979832', NULL, '', 9, 5, 6, 2, 3, 5),
(38, 'u1', 'Buster Dickinson', 68, 'M', '01780967692', '7035', 2, 4, '88573422', 3, 'Y', '{"1":7,"2":9,"3":8,"4":4,"5":5,"6":2}', '2014-10-20 06:11:03', '2015-02-08 23:12:04', '0199787827', NULL, '', 7, 9, 8, 4, 5, 2),
(39, 'u1', 'Dr. Patricia Donnelly', 20, 'M', '01756380106', '3044', 4, 2, '99961892', 4, 'N', '{"1":6,"2":4,"3":6,"4":8,"5":0,"6":9}', '2014-12-06 13:11:50', '2015-02-08 23:12:04', '0196486006', NULL, '', 6, 4, 6, 8, 0, 9),
(40, 'u1', 'Julien O''Hara', 22, 'M', '01754748975', '2032', 5, 4, '66622908', 1, 'N', '{"1":0,"2":1,"3":9,"4":5,"5":8,"6":3}', '2014-02-28 04:42:41', '2015-02-08 23:12:04', '0191956697', NULL, '', 0, 1, 9, 5, 8, 3),
(41, 'u1', 'Derick Crist', 55, 'F', '01756612998', '2115', 5, 3, '4200284', 1, 'N', '{"1":4,"2":9,"3":8,"4":8,"5":8,"6":1}', '2014-12-24 23:13:30', '2015-02-08 23:12:04', '0193024242', NULL, '', 4, 9, 8, 8, 8, 1),
(42, 'u1', 'Ms. Georgianna Goyette', 70, 'M', '01791909391', '2029', 5, 2, '25886166', 4, 'Y', '{"1":7,"2":2,"3":4,"4":9,"5":4,"6":7}', '2014-07-22 04:23:10', '2015-02-08 23:12:04', '019327653', NULL, '', 7, 2, 4, 9, 4, 7),
(43, 'u1', 'Oran Hudson', 51, 'M', '01712387863', '5011', 1, 2, '53635471', 2, 'N', '{"1":1,"2":9,"3":0,"4":4,"5":0,"6":7}', '2014-03-28 11:39:00', '2015-02-08 23:12:04', '0192781302', NULL, '', 1, 9, 0, 4, 0, 7),
(44, 'u1', 'Leon Tromp', 69, 'M', '01777300185', '5068', 5, 2, '76887961', 3, 'Y', '{"1":5,"2":4,"3":3,"4":6,"5":7,"6":4}', '2015-02-02 13:33:46', '2015-02-08 23:12:04', '019797611', NULL, '', 5, 4, 3, 6, 7, 4),
(45, 'u1', 'Ms. Kacie Grimes', 42, 'F', '01796241235', '4034', 4, 3, '33071488', 4, 'Y', '{"1":6,"2":7,"3":8,"4":4,"5":8,"6":3}', '2014-04-17 00:54:42', '2015-02-08 23:12:04', '0198213945', NULL, '', 6, 7, 8, 4, 8, 3),
(46, 'u1', 'Betty Donnelly', 65, 'M', '01791950840', '1058', 2, 3, '2358833', 4, 'N', '{"1":7,"2":1,"3":5,"4":3,"5":9,"6":1}', '2015-02-01 11:49:01', '2015-02-08 23:12:04', '0191448061', NULL, '', 7, 1, 5, 3, 9, 1),
(47, 'u1', 'Nikita Emard', 65, 'M', '01782604861', '1013', 1, 2, '82544811', 2, 'Y', '{"1":1,"2":2,"3":2,"4":9,"5":7,"6":4}', '2014-08-27 19:09:46', '2015-02-08 23:12:04', '019831462', NULL, '', 1, 2, 2, 9, 7, 4),
(48, 'u1', 'Mrs. Ines Beatty', 69, 'F', '0171592997', '5040', 5, 2, '76887961', 2, 'N', '{"1":6,"2":5,"3":7,"4":4,"5":4,"6":1}', '2015-02-01 10:16:29', '2015-02-08 23:12:04', '0198105437', '{"mobile_invalid":"Customer mobile field invalid"}', '', 6, 5, 7, 4, 4, 1),
(49, 'u1', 'Rosario Cummings', 60, 'M', '01787502400', '1108', 4, 1, '40073938', 1, 'N', '{"1":8,"2":6,"3":0,"4":0,"5":0,"6":3}', '2014-09-19 10:17:35', '2015-02-08 23:12:04', '0196274950', NULL, '', 8, 6, 0, 0, 0, 3),
(50, 'u1', 'Hilma Bode III', 70, 'F', '01750777521', '4054', 4, 1, '82127476', 1, 'N', '{"1":4,"2":4,"3":8,"4":6,"5":7,"6":3}', '2014-09-01 18:23:14', '2015-02-08 23:12:04', '0194398872', NULL, '', 4, 4, 8, 6, 7, 3),
(51, 'u1', 'Danyka Greenfelder', 57, 'F', '01739634294', '6036', 2, 1, '36537928', 4, 'N', '{"1":3,"2":2,"3":6,"4":4,"5":1,"6":6}', '2015-01-31 02:26:51', '2015-02-08 23:12:04', '0193139317', NULL, '', 3, 2, 6, 4, 1, 6),
(52, 'u1', 'Mrs. Loren Frami', 30, 'M', '01759166532', '1086', 1, 4, '13331728', 5, 'N', '{"1":8,"2":5,"3":2,"4":5,"5":1,"6":1}', '2014-03-09 11:18:11', '2015-02-08 23:12:05', '0197567416', NULL, '', 8, 5, 2, 5, 1, 1),
(53, 'u1', 'Haven Barrows', 25, 'M', '01725656250', '2062', 5, 1, '23791584', 3, 'N', '{"1":4,"2":8,"3":6,"4":6,"5":1,"6":7}', '2014-03-17 01:40:43', '2015-02-08 23:12:05', '0191663884', NULL, '', 4, 8, 6, 6, 1, 7),
(54, 'u1', 'Marjory Fahey', 24, 'F', '01766006882', '5011', 3, 4, '49059560', 5, 'Y', '{"1":4,"2":3,"3":2,"4":2,"5":5,"6":3}', '2014-04-28 11:01:42', '2015-02-08 23:12:05', '0194247307', NULL, '', 4, 3, 2, 2, 5, 3),
(55, 'u1', 'Leatha Stiedemann', 33, 'F', '01722367119', '5014', 3, 4, '33554113', 2, 'Y', '{"1":1,"2":0,"3":6,"4":2,"5":2,"6":5}', '2014-03-08 02:24:36', '2015-02-08 23:12:05', '0194971459', NULL, '', 1, 0, 6, 2, 2, 5),
(56, 'u1', 'Susie Casper II', 34, 'M', '01749436833', '2035', 3, 1, '4200284', 4, 'N', '{"1":0,"2":2,"3":2,"4":4,"5":3,"6":2}', '2014-11-04 22:05:44', '2015-02-08 23:12:05', '0198491021', NULL, '', 0, 2, 2, 4, 3, 2),
(57, 'u1', 'Patsy Barton', 39, 'F', '0176676852', '1061', 2, 2, '58918168', 2, 'N', '{"1":5,"2":9,"3":9,"4":7,"5":2,"6":3}', '2014-03-31 05:24:28', '2015-02-08 23:12:05', '0194645562', '{"mobile_invalid":"Customer mobile field invalid"}', '', 5, 9, 9, 7, 2, 3),
(58, 'u1', 'Benny Bogan', 65, 'F', '01776085889', '3018', 3, 1, '82127476', 3, 'N', '{"1":1,"2":8,"3":9,"4":3,"5":6,"6":5}', '2014-04-11 01:12:22', '2015-02-08 23:12:05', '0195793267', NULL, '', 1, 8, 9, 3, 6, 5),
(59, 'u1', 'Laney Kunde', 61, 'M', '01744660029', '2056', 3, 3, '74343751', 4, 'N', '{"1":3,"2":0,"3":5,"4":4,"5":5,"6":3}', '2014-07-21 23:43:15', '2015-02-08 23:12:05', '0196274950', NULL, '', 3, 0, 5, 4, 5, 3),
(60, 'u1', 'Deondre Heathcote', 41, 'F', '0174508741', '1087', 3, 2, '58918168', 3, 'N', '{"1":2,"2":3,"3":0,"4":7,"5":6,"6":4}', '2014-08-15 01:20:52', '2015-02-08 23:12:05', '0198491021', '{"mobile_invalid":"Customer mobile field invalid"}', '', 2, 3, 0, 7, 6, 4),
(61, 'u1', 'Charlene Boyer MD', 69, 'F', '01766451396', '1095', 1, 2, '83441846', 2, 'N', '{"1":3,"2":1,"3":9,"4":2,"5":5,"6":5}', '2014-07-04 15:12:15', '2015-02-08 23:12:05', '0196005473', NULL, '', 3, 1, 9, 2, 5, 5),
(62, 'u1', 'Miss Belle Howell PhD', 31, 'F', '01752603804', '3029', 1, 1, '79569398', 4, 'N', '{"1":2,"2":5,"3":0,"4":2,"5":5,"6":5}', '2014-07-06 08:41:39', '2015-02-08 23:12:05', '0194852300', NULL, '', 2, 5, 0, 2, 5, 5),
(63, 'u1', 'Garrick Kuphal', 66, 'F', '01725210219', '4064', 4, 4, '37493242', 5, 'Y', '{"1":5,"2":9,"3":4,"4":6,"5":6,"6":6}', '2014-02-20 01:12:24', '2015-02-08 23:12:05', '0197430050', NULL, '', 5, 9, 4, 6, 6, 6),
(64, 'u1', 'Miss Vita Bins', 38, 'F', '01721592477', '3028', 3, 2, '46830487', 4, 'Y', '{"1":9,"2":3,"3":2,"4":7,"5":8,"6":1}', '2014-08-05 12:19:24', '2015-02-08 23:12:05', '0195056468', NULL, '', 9, 3, 2, 7, 8, 1),
(65, 'u1', 'Kyleigh Hahn', 52, 'M', '01781740373', '1017', 2, 3, '25886166', 4, 'N', '{"1":2,"2":8,"3":9,"4":3,"5":4,"6":9}', '2014-12-19 04:14:47', '2015-02-08 23:12:05', '019797611', NULL, '', 2, 8, 9, 3, 4, 9),
(66, 'u1', 'Reva Tromp', 55, 'M', '01731205422', '5010', 5, 2, '82367553', 1, 'Y', '{"1":7,"2":0,"3":4,"4":8,"5":4,"6":3}', '2014-04-02 12:00:49', '2015-02-08 23:12:05', '0196643240', NULL, '', 7, 0, 4, 8, 4, 3),
(67, 'u1', 'Stella Emmerich', 54, 'M', '01736818976', '3040', 1, 1, '81355667', 3, 'N', '{"1":4,"2":5,"3":2,"4":5,"5":4,"6":2}', '2014-07-21 22:50:50', '2015-02-08 23:12:05', '0197127719', NULL, '', 4, 5, 2, 5, 4, 2),
(68, 'u1', 'Ms. Margarett Harvey', 49, 'M', '0176062568', '2111', 4, 1, '78916837', 5, 'N', '{"1":4,"2":0,"3":4,"4":4,"5":0,"6":0}', '2014-09-23 07:37:35', '2015-02-08 23:12:05', '0197075439', '{"mobile_invalid":"Customer mobile field invalid"}', '', 4, 0, 4, 4, 0, 0),
(69, 'u1', 'Verna Cassin', 64, 'F', '01738249228', '1126', 2, 2, '74343751', 5, 'N', '{"1":9,"2":1,"3":9,"4":0,"5":2,"6":2}', '2014-07-08 03:00:36', '2015-02-08 23:12:05', '0196486006', NULL, '', 9, 1, 9, 0, 2, 2),
(70, 'u1', 'Dr. Stephanie O''Kon Jr.', 54, 'M', '01755610912', '7017', 4, 3, '68568940', 3, 'N', '{"1":6,"2":9,"3":6,"4":0,"5":6,"6":8}', '2014-02-16 13:44:10', '2015-02-08 23:12:05', '0191395924', NULL, '', 6, 9, 6, 0, 6, 8),
(71, 'u1', 'Xander Davis', 59, 'M', '01711434081', '2031', 4, 4, '10781789', 3, 'N', '{"1":0,"2":2,"3":3,"4":3,"5":1,"6":0}', '2014-10-19 04:35:08', '2015-02-08 23:12:06', '0191395924', NULL, '', 0, 2, 3, 3, 1, 0),
(72, 'u1', 'Winona Feest', 31, 'M', '01760644318', '2006', 5, 4, '49238087', 3, 'Y', '{"1":7,"2":5,"3":3,"4":3,"5":7,"6":1}', '2014-11-22 23:22:50', '2015-02-08 23:12:06', '0196807713', NULL, '', 7, 5, 3, 3, 7, 1),
(73, 'u1', 'Gisselle Graham II', 16, 'F', '01774673779', '5048', 5, 1, '10408881', 5, 'N', '{"1":8,"2":1,"3":2,"4":3,"5":1,"6":5}', '2014-09-30 04:14:21', '2015-02-08 23:12:06', '0195510484', NULL, '', 8, 1, 2, 3, 1, 5),
(74, 'u1', 'Neha Stark I', 36, 'M', '01798432435', '4033', 2, 1, '98183749', 3, 'N', '{"1":7,"2":7,"3":8,"4":1,"5":4,"6":1}', '2014-05-22 10:28:32', '2015-02-08 23:12:06', '0197075439', NULL, '', 7, 7, 8, 1, 4, 1),
(75, 'u1', 'Prof. Wilfred Nicolas Jr.', 49, 'F', '01758309932', '4042', 1, 2, '97205811', 3, 'N', '{"1":6,"2":6,"3":2,"4":0,"5":5,"6":9}', '2014-08-05 13:39:17', '2015-02-08 23:12:06', '0198024994', NULL, '', 6, 6, 2, 0, 5, 9),
(76, 'u1', 'Reta Walker', 50, 'M', '01753131922', '7021', 3, 3, '70606809', 4, 'N', '{"1":3,"2":2,"3":5,"4":7,"5":2,"6":3}', '2015-01-15 19:55:14', '2015-02-08 23:12:06', '0194092528', NULL, '', 3, 2, 5, 7, 2, 3),
(77, 'u1', 'Gordon Zemlak', 62, 'M', '01798428721', '1014', 1, 4, '44683688', 4, 'Y', '{"1":6,"2":3,"3":6,"4":2,"5":5,"6":7}', '2014-12-07 12:41:15', '2015-02-08 23:12:06', '0194203808', NULL, '', 6, 3, 6, 2, 5, 7),
(78, 'u1', 'Mr. Jeff Donnelly Sr.', 40, 'M', '01785551055', '5027', 1, 2, '40648601', 2, 'N', '{"1":0,"2":3,"3":4,"4":6,"5":6,"6":7}', '2014-02-28 19:08:37', '2015-02-08 23:12:06', '0194387830', NULL, '', 0, 3, 4, 6, 6, 7),
(79, 'u1', 'Prof. Monte Kirlin', 17, 'F', '01725740895', '6054', 4, 2, '59184282', 5, 'Y', '{"1":2,"2":7,"3":5,"4":1,"5":5,"6":1}', '2014-10-28 05:35:30', '2015-02-08 23:12:06', '0193024242', NULL, '', 2, 7, 5, 1, 5, 1),
(80, 'u1', 'Dr. Dina Schroeder', 16, 'F', '01721476642', '3009', 2, 3, '74343751', 1, 'N', '{"1":5,"2":8,"3":0,"4":0,"5":0,"6":6}', '2014-08-29 04:21:22', '2015-02-08 23:12:06', '019246614', NULL, '', 5, 8, 0, 0, 0, 6),
(81, 'u1', 'Dora Rempel', 63, 'M', '01755600022', '5035', 1, 3, '82127476', 5, 'N', '{"1":5,"2":3,"3":0,"4":1,"5":4,"6":2}', '2014-10-21 07:16:58', '2015-02-08 23:12:06', '0198213945', NULL, '', 5, 3, 0, 1, 4, 2),
(82, 'u1', 'Nicole Erdman', 27, 'M', '01737628144', '2050', 2, 3, '14644883', 3, 'N', '{"1":3,"2":0,"3":7,"4":1,"5":1,"6":5}', '2014-11-03 19:56:37', '2015-02-08 23:12:06', '0194109218', NULL, '', 3, 0, 7, 1, 1, 5),
(83, 'u1', 'Anya Jones', 38, 'F', '01715844676', '2023', 4, 1, '10781789', 5, 'Y', '{"1":7,"2":1,"3":2,"4":3,"5":8,"6":7}', '2014-02-15 12:35:10', '2015-02-08 23:12:06', '0199992123', NULL, '', 7, 1, 2, 3, 8, 7),
(84, 'u1', 'Fatima Windler Sr.', 55, 'F', '01758932161', '2007', 5, 1, '91981908', 2, 'Y', '{"1":9,"2":5,"3":1,"4":3,"5":6,"6":3}', '2014-09-22 03:33:46', '2015-02-08 23:12:06', '0197716710', NULL, '', 9, 5, 1, 3, 6, 3),
(85, 'u1', 'Osvaldo Dibbert', 39, 'M', '01736839530', '1064', 4, 3, '86440817', 4, 'Y', '{"1":9,"2":9,"3":9,"4":0,"5":0,"6":5}', '2014-05-13 15:59:58', '2015-02-08 23:12:06', '0191663884', NULL, '', 9, 9, 9, 0, 0, 5),
(86, 'u1', 'Ila Block', 59, 'F', '0177658931', '1164', 5, 2, '79569398', 2, 'N', '{"1":6,"2":3,"3":1,"4":1,"5":0,"6":7}', '2014-03-15 02:02:45', '2015-02-08 23:12:06', '0197333855', '{"mobile_invalid":"Customer mobile field invalid"}', '', 6, 3, 1, 1, 0, 7),
(87, 'u1', 'Eli Russel', 63, 'M', '0179082800', '4063', 4, 1, '38618190', 2, 'Y', '{"1":4,"2":5,"3":5,"4":9,"5":4,"6":0}', '2014-06-14 16:02:38', '2015-02-08 23:12:06', '0198105437', '{"mobile_invalid":"Customer mobile field invalid"}', '', 4, 5, 5, 9, 4, 0),
(88, 'u1', 'Mr. Enrique Hilll', 36, 'M', '01722472851', '1114', 1, 4, '93728220', 4, 'Y', '{"1":4,"2":0,"3":3,"4":3,"5":0,"6":8}', '2014-04-21 03:02:31', '2015-02-08 23:12:06', '0196471614', NULL, '', 4, 0, 3, 3, 0, 8),
(89, 'u1', 'Brady DuBuque', 44, 'F', '01762231082', '5019', 3, 3, '62975738', 3, 'Y', '{"1":0,"2":3,"3":8,"4":1,"5":6,"6":2}', '2014-09-22 07:14:32', '2015-02-08 23:12:06', '0194852300', NULL, '', 0, 3, 8, 1, 6, 2),
(90, 'u1', 'Prof. Stacy Murphy', 69, 'F', '01756115520', '2001', 4, 2, '30210425', 4, 'N', '{"1":0,"2":7,"3":5,"4":2,"5":3,"6":1}', '2014-03-06 02:31:47', '2015-02-08 23:12:06', '0195510484', NULL, '', 0, 7, 5, 2, 3, 1),
(91, 'u1', 'Vivienne Gibson', 68, 'F', '01754877063', '1081', 1, 1, '77991236', 3, 'Y', '{"1":8,"2":5,"3":9,"4":8,"5":8,"6":8}', '2015-01-29 18:06:52', '2015-02-08 23:12:06', '0198019537', NULL, '', 8, 5, 9, 8, 8, 8),
(92, 'u1', 'Rey Mertz', 23, 'M', '01788850399', '4013', 4, 4, '52304240', 3, 'N', '{"1":0,"2":3,"3":1,"4":5,"5":1,"6":8}', '2014-02-17 19:54:58', '2015-02-08 23:12:06', '0199577326', NULL, '', 0, 3, 1, 5, 1, 8),
(93, 'u1', 'Yasmeen Baumbach', 24, 'M', '01736973816', '2082', 3, 1, '99122078', 2, 'N', '{"1":3,"2":2,"3":5,"4":1,"5":0,"6":9}', '2014-11-18 18:41:25', '2015-02-08 23:12:07', '0195510484', NULL, '', 3, 2, 5, 1, 0, 9),
(94, 'u1', 'Lonnie Schowalter', 46, 'M', '01784026353', '6054', 4, 1, '7408447', 5, 'N', '{"1":6,"2":1,"3":1,"4":5,"5":7,"6":4}', '2014-07-31 10:26:56', '2015-02-08 23:12:07', '0196825288', NULL, '', 6, 1, 1, 5, 7, 4),
(95, 'u1', 'Mr. Devonte Denesik I', 41, 'F', '01775131946', '4029', 3, 3, '99122078', 2, 'N', '{"1":4,"2":5,"3":3,"4":5,"5":6,"6":3}', '2015-01-31 21:31:14', '2015-02-08 23:12:07', '0191416574', NULL, '', 4, 5, 3, 5, 6, 3),
(96, 'u1', 'Lowell Wiegand', 49, 'M', '01758115', '2067', 4, 1, '44683688', 1, 'N', '{"1":9,"2":6,"3":9,"4":0,"5":4,"6":8}', '2014-05-31 00:32:24', '2015-02-08 23:12:07', '0197127719', '{"mobile_invalid":"Customer mobile field invalid"}', '', 9, 6, 9, 0, 4, 8),
(97, 'u1', 'Wilfred Romaguera I', 43, 'F', '01778401750', '3037', 2, 1, '38618190', 4, 'Y', '{"1":1,"2":9,"3":1,"4":8,"5":6,"6":8}', '2014-06-10 02:01:30', '2015-02-08 23:12:07', '0197858552', NULL, '', 1, 9, 1, 8, 6, 8),
(98, 'u1', 'Camron McKenzie', 68, 'M', '01736281137', '2037', 5, 1, '84510367', 4, 'N', '{"1":2,"2":6,"3":1,"4":6,"5":2,"6":4}', '2015-01-13 14:09:28', '2015-02-08 23:12:07', '0197567416', NULL, '', 2, 6, 1, 6, 2, 4),
(99, 'u1', 'Osborne Lesch', 33, 'F', '01782557495', '2037', 3, 4, '4881437', 3, 'Y', '{"1":1,"2":9,"3":1,"4":2,"5":7,"6":2}', '2014-12-23 16:00:53', '2015-02-08 23:12:07', '0198491021', NULL, '', 1, 9, 1, 2, 7, 2),
(100, 'u1', 'Mrs. Vanessa Koepp I', 18, 'M', '01713604054', '3037', 4, 1, '69634286', 5, 'N', '{"1":7,"2":6,"3":3,"4":9,"5":7,"6":5}', '2014-09-01 17:55:51', '2015-02-08 23:12:07', '0194821115', NULL, '', 7, 6, 3, 9, 7, 5),
(101, 'u1', 'nazmul', 25, 'M', '01710340450', '1001', 5, 1, '81896021', 2, 'Y', '{"1":"2"}', '2015-02-09 13:04:25', '2015-02-08 23:34:21', '0195510484', '{"coupon_code_invalid":"Coupon Code not listed in Database"}', 'u1 nazmul,25,m,01710340450,1001,5,1,81896021,2,y,1:2', 2, 0, 0, 0, 0, 0),
(102, 'u1', 'nazmul hasan', 25, 'M', '01710340450', '1001', 5, 1, '81896021', 2, 'Y', '{"1":"2"}', '2015-02-09 13:04:18', '2015-02-08 23:36:02', '0197766004', '{"coupon_code_invalid":"Coupon Code not listed in Database"}', 'u1 nazmul hasan,25,m,01710340450,1001,5,1,81896021,2,y,1:2', 2, 0, 0, 0, 0, 0),
(103, 'u1', 'nazmul hasan', 25, 'M', '01710340450', '1001', 5, 1, '26655488', 2, 'Y', '{"1":"2"}', '2015-02-09 13:04:12', '2015-02-08 23:37:01', '0197567416', NULL, 'u1 nazmul hasan,25,m,01710340450,1001,5,1,26655488,2,y,1:2', 2, 0, 0, 0, 0, 0),
(104, 'u1', 'nazmul', 25, 'M', '01710340450', '1001', 5, 1, '81896021', 2, 'Y', '{"1":"2","2":"3"}', '2015-02-09 08:03:13', '2015-02-09 08:03:13', '01910340450', '{"coupon_code_invalid":"Coupon Code not listed in Database"}', 'u1 nazmul,25,m,01710340450,1001,5,1,81896021,2,y,1:2,2:3', 2, 3, 0, 0, 0, 0),
(105, 'u1', 'nazmul', 25, 'M', '01710340450', '1001', 5, 1, '81896021', 2, 'Y', '{"1":"2","2":"3"}', '2015-02-09 08:03:50', '2015-02-09 08:03:50', '01910340450', '{"coupon_code_invalid":"Coupon Code not listed in Database"}', 'u1 nazmul,25,m,01710340450,1001,5,1,81896021,2,y,1:2,2:3', 2, 3, 0, 0, 0, 0);

-- --------------------------------------------------------

--
-- Table structure for table `migrations`
--

CREATE TABLE IF NOT EXISTS `migrations` (
  `migration` varchar(255) COLLATE utf8_unicode_ci NOT NULL,
  `batch` int(11) NOT NULL
) ENGINE=InnoDB DEFAULT CHARSET=utf8 COLLATE=utf8_unicode_ci;

--
-- Dumping data for table `migrations`
--

INSERT INTO `migrations` (`migration`, `batch`) VALUES
('2015_02_04_080555_create_bp_info_table', 0),
('2015_02_04_080555_create_coupon_table', 0),
('2015_02_04_080555_create_currently_used_product_table', 0),
('2015_02_04_080555_create_education_info_table', 0),
('2015_02_04_080555_create_message_table', 0),
('2015_02_04_080555_create_occupation_table', 0),
('2015_02_04_080555_create_product_code_table', 0),
('2015_02_04_080555_create_thana_table', 0),
('2015_02_05_044216_create_bp_info_table', 0),
('2015_02_05_044216_create_coupon_table', 0),
('2015_02_05_044216_create_currently_used_product_table', 0),
('2015_02_05_044216_create_education_info_table', 0),
('2015_02_05_044216_create_message_table', 0),
('2015_02_05_044216_create_occupation_table', 0),
('2015_02_05_044216_create_product_code_table', 0),
('2015_02_05_044216_create_thana_table', 0),
('2015_02_05_131042_create_bp_info_table', 0),
('2015_02_05_131042_create_coupon_table', 0),
('2015_02_05_131042_create_currently_used_product_table', 0),
('2015_02_05_131042_create_education_info_table', 0),
('2015_02_05_131042_create_message_table', 0),
('2015_02_05_131042_create_occupation_table', 0),
('2015_02_05_131042_create_product_code_table', 0),
('2015_02_05_131042_create_thana_table', 0);

-- --------------------------------------------------------

--
-- Table structure for table `occupation`
--

CREATE TABLE IF NOT EXISTS `occupation` (
  `id` int(10) unsigned NOT NULL AUTO_INCREMENT,
  `occupation_name` varchar(20) COLLATE utf8_unicode_ci NOT NULL,
  `created_at` timestamp NOT NULL DEFAULT CURRENT_TIMESTAMP ON UPDATE CURRENT_TIMESTAMP,
  `updated_at` timestamp NOT NULL DEFAULT '0000-00-00 00:00:00',
  PRIMARY KEY (`id`)
) ENGINE=InnoDB  DEFAULT CHARSET=utf8 COLLATE=utf8_unicode_ci AUTO_INCREMENT=5 ;

--
-- Dumping data for table `occupation`
--

INSERT INTO `occupation` (`id`, `occupation_name`, `created_at`, `updated_at`) VALUES
(1, 'Student', '2015-02-03 07:26:53', '0000-00-00 00:00:00'),
(2, 'Housewife', '2015-02-03 07:26:53', '0000-00-00 00:00:00'),
(3, 'Service Holder', '2015-02-03 07:26:53', '0000-00-00 00:00:00'),
(4, 'Owner of a Business', '2015-02-03 07:26:53', '0000-00-00 00:00:00');

-- --------------------------------------------------------

--
-- Table structure for table `product_code`
--

CREATE TABLE IF NOT EXISTS `product_code` (
  `id` int(10) unsigned NOT NULL AUTO_INCREMENT,
  `code` varchar(10) COLLATE utf8_unicode_ci NOT NULL,
  `name` varchar(100) COLLATE utf8_unicode_ci NOT NULL,
  `created_at` timestamp NOT NULL DEFAULT CURRENT_TIMESTAMP ON UPDATE CURRENT_TIMESTAMP,
  `updated_at` timestamp NOT NULL DEFAULT '0000-00-00 00:00:00',
  PRIMARY KEY (`id`)
) ENGINE=InnoDB  DEFAULT CHARSET=utf8 COLLATE=utf8_unicode_ci AUTO_INCREMENT=7 ;

--
-- Dumping data for table `product_code`
--

INSERT INTO `product_code` (`id`, `code`, `name`, `created_at`, `updated_at`) VALUES
(1, 'FAL', 'Fair & Lovely Facewash 50g', '2015-02-03 07:18:07', '0000-00-00 00:00:00'),
(2, 'PDF', 'Ponds Daily Facewash 60g ', '2015-02-03 07:18:07', '0000-00-00 00:00:00'),
(3, 'PWB', 'Ponds White Beauty Facewash 50g ', '2015-02-03 07:19:33', '0000-00-00 00:00:00'),
(4, 'PNS', 'Ponds Nourishing Scrub Facewash 110g ', '2015-02-03 07:20:15', '0000-00-00 00:00:00'),
(5, 'PPC', 'Ponds Pimple Clear White Facewash 50g ', '2015-02-03 07:20:15', '0000-00-00 00:00:00'),
(6, 'DBM', 'Dove Beauty Moisture Facewash 50g ', '2015-02-03 07:20:35', '0000-00-00 00:00:00');

-- --------------------------------------------------------

--
-- Table structure for table `thana`
--

CREATE TABLE IF NOT EXISTS `thana` (
  `id` int(10) unsigned NOT NULL AUTO_INCREMENT,
  `division` varchar(15) COLLATE utf8_unicode_ci NOT NULL,
  `district` varchar(15) COLLATE utf8_unicode_ci NOT NULL,
  `thana_name` varchar(15) COLLATE utf8_unicode_ci NOT NULL,
  `thana_code` varchar(15) COLLATE utf8_unicode_ci NOT NULL,
  `created_at` timestamp NOT NULL DEFAULT CURRENT_TIMESTAMP ON UPDATE CURRENT_TIMESTAMP,
  `updated_at` timestamp NOT NULL DEFAULT '0000-00-00 00:00:00',
  PRIMARY KEY (`id`)
) ENGINE=InnoDB  DEFAULT CHARSET=utf8 COLLATE=utf8_unicode_ci AUTO_INCREMENT=600 ;

--
-- Dumping data for table `thana`
--

INSERT INTO `thana` (`id`, `division`, `district`, `thana_name`, `thana_code`, `created_at`, `updated_at`) VALUES
(1, 'Dhaka', 'Dhaka', 'Adabar', '1001', '2015-02-03 07:14:17', '0000-00-00 00:00:00'),
(2, 'Dhaka', 'Dhaka', 'Airport', '1002', '2015-02-03 07:14:17', '0000-00-00 00:00:00'),
(3, 'Dhaka', 'Dhaka', 'Ashulia', '1003', '2015-02-03 07:14:17', '0000-00-00 00:00:00'),
(4, 'Dhaka', 'Dhaka', 'Badda', '1004', '2015-02-03 07:14:17', '0000-00-00 00:00:00'),
(5, 'Dhaka', 'Dhaka', 'Bangshal', '1005', '2015-02-03 07:14:17', '0000-00-00 00:00:00'),
(6, 'Dhaka', 'Dhaka', 'Cantonment', '1006', '2015-02-03 07:14:17', '0000-00-00 00:00:00'),
(7, 'Dhaka', 'Dhaka', 'Chak Bazar', '1007', '2015-02-03 07:14:17', '0000-00-00 00:00:00'),
(8, 'Dhaka', 'Dhaka', 'Dakshin-Khan', '1008', '2015-02-03 07:14:17', '0000-00-00 00:00:00'),
(9, 'Dhaka', 'Dhaka', 'Darus-Salam', '1009', '2015-02-03 07:14:17', '0000-00-00 00:00:00'),
(10, 'Dhaka', 'Dhaka', 'Demra', '1010', '2015-02-03 07:14:17', '0000-00-00 00:00:00'),
(11, 'Dhaka', 'Dhaka', 'Dhamrai', '1011', '2015-02-03 07:14:17', '0000-00-00 00:00:00'),
(12, 'Dhaka', 'Dhaka', 'Dhanmondi', '1012', '2015-02-03 07:14:17', '0000-00-00 00:00:00'),
(13, 'Dhaka', 'Dhaka', 'Dohar', '1013', '2015-02-03 07:14:17', '0000-00-00 00:00:00'),
(14, 'Dhaka', 'Dhaka', 'Gendaria', '1014', '2015-02-03 07:14:17', '0000-00-00 00:00:00'),
(15, 'Dhaka', 'Dhaka', 'Gulshan', '1015', '2015-02-03 07:14:17', '0000-00-00 00:00:00'),
(16, 'Dhaka', 'Dhaka', 'Hazaribagh', '1016', '2015-02-03 07:14:17', '0000-00-00 00:00:00'),
(17, 'Dhaka', 'Dhaka', 'Jatrabari', '1017', '2015-02-03 07:14:17', '0000-00-00 00:00:00'),
(18, 'Dhaka', 'Dhaka', 'Kadam tali', '1018', '2015-02-03 07:14:17', '0000-00-00 00:00:00'),
(19, 'Dhaka', 'Dhaka', 'Kafrul', '1019', '2015-02-03 07:14:17', '0000-00-00 00:00:00'),
(20, 'Dhaka', 'Dhaka', 'Kalabagan', '1020', '2015-02-03 07:14:17', '0000-00-00 00:00:00'),
(21, 'Dhaka', 'Dhaka', 'Kamrangir Char', '1021', '2015-02-03 07:14:17', '0000-00-00 00:00:00'),
(22, 'Dhaka', 'Dhaka', 'Keraniganj', '1022', '2015-02-03 07:14:17', '0000-00-00 00:00:00'),
(23, 'Dhaka', 'Dhaka', 'Khilgaon', '1023', '2015-02-03 07:14:17', '0000-00-00 00:00:00'),
(24, 'Dhaka', 'Dhaka', 'Khilkhet', '1024', '2015-02-03 07:14:17', '0000-00-00 00:00:00'),
(25, 'Dhaka', 'Dhaka', 'Kotwali', '1025', '2015-02-03 07:14:17', '0000-00-00 00:00:00'),
(26, 'Dhaka', 'Dhaka', 'Lalbagh', '1026', '2015-02-03 07:14:17', '0000-00-00 00:00:00'),
(27, 'Dhaka', 'Dhaka', 'Mirpur', '1027', '2015-02-03 07:14:17', '0000-00-00 00:00:00'),
(28, 'Dhaka', 'Dhaka', 'Mohammadpur', '1028', '2015-02-03 07:14:17', '0000-00-00 00:00:00'),
(29, 'Dhaka', 'Dhaka', 'Motijheel', '1029', '2015-02-03 07:14:17', '0000-00-00 00:00:00'),
(30, 'Dhaka', 'Dhaka', 'Nawabganj', '1030', '2015-02-03 07:14:17', '0000-00-00 00:00:00'),
(31, 'Dhaka', 'Dhaka', 'New Market', '1031', '2015-02-03 07:14:17', '0000-00-00 00:00:00'),
(32, 'Dhaka', 'Dhaka', 'Pallabi', '1032', '2015-02-03 07:14:17', '0000-00-00 00:00:00'),
(33, 'Dhaka', 'Dhaka', 'Paltan', '1033', '2015-02-03 07:14:17', '0000-00-00 00:00:00'),
(34, 'Dhaka', 'Dhaka', 'Ramna', '1034', '2015-02-03 07:14:17', '0000-00-00 00:00:00'),
(35, 'Dhaka', 'Dhaka', 'Rampura', '1035', '2015-02-03 07:14:17', '0000-00-00 00:00:00'),
(36, 'Dhaka', 'Dhaka', 'Sabujbagh', '1036', '2015-02-03 07:14:17', '0000-00-00 00:00:00'),
(37, 'Dhaka', 'Dhaka', 'Savar', '1037', '2015-02-03 07:14:17', '0000-00-00 00:00:00'),
(38, 'Dhaka', 'Dhaka', 'Shah Ali', '1038', '2015-02-03 07:14:17', '0000-00-00 00:00:00'),
(39, 'Dhaka', 'Dhaka', 'Shahbag', '1039', '2015-02-03 07:14:17', '0000-00-00 00:00:00'),
(40, 'Dhaka', 'Dhaka', 'Sher-E-Bangla\nN', '1040', '2015-02-03 07:14:17', '0000-00-00 00:00:00'),
(41, 'Dhaka', 'Dhaka', 'Shyampur ', '1041', '2015-02-03 07:14:17', '0000-00-00 00:00:00'),
(42, 'Dhaka', 'Dhaka', 'Sutrapur', '1042', '2015-02-03 07:14:17', '0000-00-00 00:00:00'),
(43, 'Dhaka', 'Dhaka', 'Tejgaon', '1043', '2015-02-03 07:14:17', '0000-00-00 00:00:00'),
(44, 'Dhaka', 'Dhaka', 'Tejgaon I/A', '1044', '2015-02-03 07:14:17', '0000-00-00 00:00:00'),
(45, 'Dhaka', 'Dhaka', 'Turag ', '1045', '2015-02-03 07:14:17', '0000-00-00 00:00:00'),
(46, 'Dhaka', 'Dhaka', 'Uttara', '1046', '2015-02-03 07:14:17', '0000-00-00 00:00:00'),
(47, 'Dhaka', 'Dhaka', 'Uttar-Khan', '1047', '2015-02-03 07:14:17', '0000-00-00 00:00:00'),
(48, 'Dhaka', 'Faridpur', 'Alfadanga', '1048', '2015-02-03 07:14:17', '0000-00-00 00:00:00'),
(49, 'Dhaka', 'Faridpur', 'Bhanga', '1049', '2015-02-03 07:14:17', '0000-00-00 00:00:00'),
(50, 'Dhaka', 'Faridpur', 'Boalmari', '1050', '2015-02-03 07:14:17', '0000-00-00 00:00:00'),
(51, 'Dhaka', 'Faridpur', 'Charbhadrasan', '1051', '2015-02-03 07:14:17', '0000-00-00 00:00:00'),
(52, 'Dhaka', 'Faridpur', 'Faridpur Sadar', '1052', '2015-02-03 07:14:17', '0000-00-00 00:00:00'),
(53, 'Dhaka', 'Faridpur', 'Madhukhali', '1053', '2015-02-03 07:14:17', '0000-00-00 00:00:00'),
(54, 'Dhaka', 'Faridpur', 'Nagarkanda', '1054', '2015-02-03 07:14:17', '0000-00-00 00:00:00'),
(55, 'Dhaka', 'Faridpur', 'Sadarpur', '1055', '2015-02-03 07:14:17', '0000-00-00 00:00:00'),
(56, 'Dhaka', 'Faridpur', 'Saltha', '1056', '2015-02-03 07:14:17', '0000-00-00 00:00:00'),
(57, 'Dhaka', 'Faridpur', 'Shriangan', '1057', '2015-02-03 07:14:17', '0000-00-00 00:00:00'),
(58, 'Dhaka', 'Gazipur', 'Gazipur Sadar', '1058', '2015-02-03 07:14:17', '0000-00-00 00:00:00'),
(59, 'Dhaka', 'Gazipur', 'Joydebpur', '1059', '2015-02-03 07:14:17', '0000-00-00 00:00:00'),
(60, 'Dhaka', 'Gazipur', 'Kaliakair', '1060', '2015-02-03 07:14:17', '0000-00-00 00:00:00'),
(61, 'Dhaka', 'Gazipur', 'Kaliganj', '1061', '2015-02-03 07:14:17', '0000-00-00 00:00:00'),
(62, 'Dhaka', 'Gazipur', 'Kapasia', '1062', '2015-02-03 07:14:17', '0000-00-00 00:00:00'),
(63, 'Dhaka', 'Gazipur', 'Monnunagar', '1063', '2015-02-03 07:14:17', '0000-00-00 00:00:00'),
(64, 'Dhaka', 'Gazipur', 'Sreepur', '1064', '2015-02-03 07:14:17', '0000-00-00 00:00:00'),
(65, 'Dhaka', 'Gazipur', 'Tongi', '1065', '2015-02-03 07:14:17', '0000-00-00 00:00:00'),
(66, 'Dhaka', 'Gopalganj', 'Gopalganj Sadar', '1066', '2015-02-03 07:14:17', '0000-00-00 00:00:00'),
(67, 'Dhaka', 'Gopalganj', 'Kashiani', '1067', '2015-02-03 07:14:17', '0000-00-00 00:00:00'),
(68, 'Dhaka', 'Gopalganj', 'Kotalipara', '1068', '2015-02-03 07:14:17', '0000-00-00 00:00:00'),
(69, 'Dhaka', 'Gopalganj', 'Muksudpur', '1069', '2015-02-03 07:14:17', '0000-00-00 00:00:00'),
(70, 'Dhaka', 'Gopalganj', 'Tungipara', '1070', '2015-02-03 07:14:17', '0000-00-00 00:00:00'),
(71, 'Dhaka', 'Jamalpur', 'Bahadurabad', '1071', '2015-02-03 07:14:17', '0000-00-00 00:00:00'),
(72, 'Dhaka', 'Jamalpur', 'Baksiganj', '1072', '2015-02-03 07:14:17', '0000-00-00 00:00:00'),
(73, 'Dhaka', 'Jamalpur', 'Dewanganj', '1073', '2015-02-03 07:14:17', '0000-00-00 00:00:00'),
(74, 'Dhaka', 'Jamalpur', 'Islampur', '1074', '2015-02-03 07:14:17', '0000-00-00 00:00:00'),
(75, 'Dhaka', 'Jamalpur', 'Jamalpur Sadar', '1075', '2015-02-03 07:14:17', '0000-00-00 00:00:00'),
(76, 'Dhaka', 'Jamalpur', 'Madarganj', '1076', '2015-02-03 07:14:17', '0000-00-00 00:00:00'),
(77, 'Dhaka', 'Jamalpur', 'Melandaha', '1077', '2015-02-03 07:14:17', '0000-00-00 00:00:00'),
(78, 'Dhaka', 'Jamalpur', 'Sarishabari', '1078', '2015-02-03 07:14:17', '0000-00-00 00:00:00'),
(79, 'Dhaka', 'Kishoreganj', 'Astagram', '1079', '2015-02-03 07:14:17', '0000-00-00 00:00:00'),
(80, 'Dhaka', 'Kishoreganj', 'Bajitpur', '1080', '2015-02-03 07:14:17', '0000-00-00 00:00:00'),
(81, 'Dhaka', 'Kishoreganj', 'Bhairab', '1081', '2015-02-03 07:14:17', '0000-00-00 00:00:00'),
(82, 'Dhaka', 'Kishoreganj', 'Hossainpur', '1082', '2015-02-03 07:14:17', '0000-00-00 00:00:00'),
(83, 'Dhaka', 'Kishoreganj', 'Itna', '1083', '2015-02-03 07:14:17', '0000-00-00 00:00:00'),
(84, 'Dhaka', 'Kishoreganj', 'Karimganj', '1084', '2015-02-03 07:14:17', '0000-00-00 00:00:00'),
(85, 'Dhaka', 'Kishoreganj', 'Katiadi', '1085', '2015-02-03 07:14:17', '0000-00-00 00:00:00'),
(86, 'Dhaka', 'Kishoreganj', 'Kishoreganj Sad', '1086', '2015-02-03 07:14:17', '0000-00-00 00:00:00'),
(87, 'Dhaka', 'Kishoreganj', 'Kuliarchar', '1087', '2015-02-03 07:14:17', '0000-00-00 00:00:00'),
(88, 'Dhaka', 'Kishoreganj', 'Mithamain', '1088', '2015-02-03 07:14:17', '0000-00-00 00:00:00'),
(89, 'Dhaka', 'Kishoreganj', 'Nikli', '1089', '2015-02-03 07:14:17', '0000-00-00 00:00:00'),
(90, 'Dhaka', 'Kishoreganj', 'Pakundia', '1090', '2015-02-03 07:14:17', '0000-00-00 00:00:00'),
(91, 'Dhaka', 'Kishoreganj', 'Tarail', '1091', '2015-02-03 07:14:17', '0000-00-00 00:00:00'),
(92, 'Dhaka', 'Madaripur', 'Kalkini', '1092', '2015-02-03 07:14:17', '0000-00-00 00:00:00'),
(93, 'Dhaka', 'Madaripur', 'Madaripur Sadar', '1093', '2015-02-03 07:14:17', '0000-00-00 00:00:00'),
(94, 'Dhaka', 'Madaripur', 'Rajoir', '1094', '2015-02-03 07:14:17', '0000-00-00 00:00:00'),
(95, 'Dhaka', 'Madaripur', 'Shibchar', '1095', '2015-02-03 07:14:17', '0000-00-00 00:00:00'),
(96, 'Dhaka', 'Manikganj', 'Daulatpur', '1096', '2015-02-03 07:14:17', '0000-00-00 00:00:00'),
(97, 'Dhaka', 'Manikganj', 'Ghior', '1097', '2015-02-03 07:14:17', '0000-00-00 00:00:00'),
(98, 'Dhaka', 'Manikganj', 'Harirampur', '1098', '2015-02-03 07:14:17', '0000-00-00 00:00:00'),
(99, 'Dhaka', 'Manikganj', 'Manikgonj Sadar', '1099', '2015-02-03 07:14:17', '0000-00-00 00:00:00'),
(100, 'Dhaka', 'Manikganj', 'Saturia', '1100', '2015-02-03 07:14:17', '0000-00-00 00:00:00'),
(101, 'Dhaka', 'Manikganj', 'Shivalaya', '1101', '2015-02-03 07:14:17', '0000-00-00 00:00:00'),
(102, 'Dhaka', 'Manikganj', 'Singair', '1102', '2015-02-03 07:14:17', '0000-00-00 00:00:00'),
(103, 'Dhaka', 'Munshiganj', 'Gazaria', '1103', '2015-02-03 07:14:17', '0000-00-00 00:00:00'),
(104, 'Dhaka', 'Munshiganj', 'Lohajang', '1104', '2015-02-03 07:14:17', '0000-00-00 00:00:00'),
(105, 'Dhaka', 'Munshiganj', 'Maoaghat', '1105', '2015-02-03 07:14:17', '0000-00-00 00:00:00'),
(106, 'Dhaka', 'Munshiganj', 'Munshiganj Sada', '1106', '2015-02-03 07:14:17', '0000-00-00 00:00:00'),
(107, 'Dhaka', 'Munshiganj', 'Sirajdikhan', '1107', '2015-02-03 07:14:17', '0000-00-00 00:00:00'),
(108, 'Dhaka', 'Munshiganj', 'Sreenagar', '1108', '2015-02-03 07:14:17', '0000-00-00 00:00:00'),
(109, 'Dhaka', 'Munshiganj', 'Tongibari', '1109', '2015-02-03 07:14:17', '0000-00-00 00:00:00'),
(110, 'Dhaka', 'Mymensingh', 'Bhaluka', '1110', '2015-02-03 07:14:17', '0000-00-00 00:00:00'),
(111, 'Dhaka', 'Mymensingh', 'Dhobaura', '1111', '2015-02-03 07:14:17', '0000-00-00 00:00:00'),
(112, 'Dhaka', 'Mymensingh', 'Fulbaria', '1112', '2015-02-03 07:14:17', '0000-00-00 00:00:00'),
(113, 'Dhaka', 'Mymensingh', 'Gaffargaon', '1113', '2015-02-03 07:14:17', '0000-00-00 00:00:00'),
(114, 'Dhaka', 'Mymensingh', 'Gauripur', '1114', '2015-02-03 07:14:17', '0000-00-00 00:00:00'),
(115, 'Dhaka', 'Mymensingh', 'Haluaghat', '1115', '2015-02-03 07:14:17', '0000-00-00 00:00:00'),
(116, 'Dhaka', 'Mymensingh', 'Ishwarganj', '1116', '2015-02-03 07:14:17', '0000-00-00 00:00:00'),
(117, 'Dhaka', 'Mymensingh', 'Muktagachha', '1117', '2015-02-03 07:14:17', '0000-00-00 00:00:00'),
(118, 'Dhaka', 'Mymensingh', 'Mymensingh Sada', '1118', '2015-02-03 07:14:17', '0000-00-00 00:00:00'),
(119, 'Dhaka', 'Mymensingh', 'Nandail', '1119', '2015-02-03 07:14:17', '0000-00-00 00:00:00'),
(120, 'Dhaka', 'Mymensingh', 'Phulpur', '1120', '2015-02-03 07:14:17', '0000-00-00 00:00:00'),
(121, 'Dhaka', 'Mymensingh', 'Tara Khanda', '1121', '2015-02-03 07:14:17', '0000-00-00 00:00:00'),
(122, 'Dhaka', 'Mymensingh', 'Trishal', '1122', '2015-02-03 07:14:17', '0000-00-00 00:00:00'),
(123, 'Dhaka', 'Narayanganj', 'Araihazar', '1123', '2015-02-03 07:14:17', '0000-00-00 00:00:00'),
(124, 'Dhaka', 'Narayanganj', 'Baidyer Bazar', '1124', '2015-02-03 07:14:17', '0000-00-00 00:00:00'),
(125, 'Dhaka', 'Narayanganj', 'Bandar', '1125', '2015-02-03 07:14:17', '0000-00-00 00:00:00'),
(126, 'Dhaka', 'Narayanganj', 'Fatullah', '1126', '2015-02-03 07:14:17', '0000-00-00 00:00:00'),
(127, 'Dhaka', 'Narayanganj', 'Narayanganj Sad', '1127', '2015-02-03 07:14:17', '0000-00-00 00:00:00'),
(128, 'Dhaka', 'Narayanganj', 'Rupganj', '1128', '2015-02-03 07:14:17', '0000-00-00 00:00:00'),
(129, 'Dhaka', 'Narayanganj', 'Siddhirganj', '1129', '2015-02-03 07:14:17', '0000-00-00 00:00:00'),
(130, 'Dhaka', 'Narayanganj', 'Sonargaon', '1130', '2015-02-03 07:14:17', '0000-00-00 00:00:00'),
(131, 'Dhaka', 'Narsingdi', 'Belabo', '1131', '2015-02-03 07:14:17', '0000-00-00 00:00:00'),
(132, 'Dhaka', 'Narsingdi', 'Madhabdi', '1132', '2015-02-03 07:14:17', '0000-00-00 00:00:00'),
(133, 'Dhaka', 'Narsingdi', 'Monohardi', '1133', '2015-02-03 07:14:17', '0000-00-00 00:00:00'),
(134, 'Dhaka', 'Narsingdi', 'Narsingdi Sadar', '1134', '2015-02-03 07:14:17', '0000-00-00 00:00:00'),
(135, 'Dhaka', 'Narsingdi', 'Palash', '1135', '2015-02-03 07:14:17', '0000-00-00 00:00:00'),
(136, 'Dhaka', 'Narsingdi', 'Raipura', '1136', '2015-02-03 07:14:17', '0000-00-00 00:00:00'),
(137, 'Dhaka', 'Narsingdi', 'Shibpur', '1137', '2015-02-03 07:14:17', '0000-00-00 00:00:00'),
(138, 'Dhaka', 'Netrokona', 'Atpara', '1138', '2015-02-03 07:14:17', '0000-00-00 00:00:00'),
(139, 'Dhaka', 'Netrokona', 'Barhatta', '1139', '2015-02-03 07:14:17', '0000-00-00 00:00:00'),
(140, 'Dhaka', 'Netrokona', 'Dharmapasha', '1140', '2015-02-03 07:14:17', '0000-00-00 00:00:00'),
(141, 'Dhaka', 'Netrokona', 'Dhobaura', '1141', '2015-02-03 07:14:17', '0000-00-00 00:00:00'),
(142, 'Dhaka', 'Netrokona', 'Durgapur', '1142', '2015-02-03 07:14:17', '0000-00-00 00:00:00'),
(143, 'Dhaka', 'Netrokona', 'Kalmakanda', '1143', '2015-02-03 07:14:17', '0000-00-00 00:00:00'),
(144, 'Dhaka', 'Netrokona', 'Kendua', '1144', '2015-02-03 07:14:17', '0000-00-00 00:00:00'),
(145, 'Dhaka', 'Netrokona', 'Khaliajuri', '1145', '2015-02-03 07:14:17', '0000-00-00 00:00:00'),
(146, 'Dhaka', 'Netrokona', 'Madan', '1146', '2015-02-03 07:14:17', '0000-00-00 00:00:00'),
(147, 'Dhaka', 'Netrokona', 'Madhanagar', '1147', '2015-02-03 07:14:17', '0000-00-00 00:00:00'),
(148, 'Dhaka', 'Netrokona', 'Mohanganj', '1148', '2015-02-03 07:14:17', '0000-00-00 00:00:00'),
(149, 'Dhaka', 'Netrokona', 'Netrokona Sadar', '1149', '2015-02-03 07:14:17', '0000-00-00 00:00:00'),
(150, 'Dhaka', 'Netrokona', 'Purbadhala', '1150', '2015-02-03 07:14:17', '0000-00-00 00:00:00'),
(151, 'Dhaka', 'Netrokona', 'Susang', '1151', '2015-02-03 07:14:17', '0000-00-00 00:00:00'),
(152, 'Dhaka', 'Rajbari', 'Baliakandi', '1152', '2015-02-03 07:14:17', '0000-00-00 00:00:00'),
(153, 'Dhaka', 'Rajbari', 'Goalandaghat', '1153', '2015-02-03 07:14:17', '0000-00-00 00:00:00'),
(154, 'Dhaka', 'Rajbari', 'Kalukhali', '1154', '2015-02-03 07:14:17', '0000-00-00 00:00:00'),
(155, 'Dhaka', 'Rajbari', 'Pangsha', '1155', '2015-02-03 07:14:17', '0000-00-00 00:00:00'),
(156, 'Dhaka', 'Rajbari', 'Rajbari Sadar', '1156', '2015-02-03 07:14:17', '0000-00-00 00:00:00'),
(157, 'Dhaka', 'Shariatpur', 'Bhedarganj', '1157', '2015-02-03 07:14:17', '0000-00-00 00:00:00'),
(158, 'Dhaka', 'Shariatpur', 'Damudya', '1158', '2015-02-03 07:14:17', '0000-00-00 00:00:00'),
(159, 'Dhaka', 'Shariatpur', 'Gosairhat', '1159', '2015-02-03 07:14:17', '0000-00-00 00:00:00'),
(160, 'Dhaka', 'Shariatpur', 'Naria', '1160', '2015-02-03 07:14:17', '0000-00-00 00:00:00'),
(161, 'Dhaka', 'Shariatpur', 'Shakhipur', '1161', '2015-02-03 07:14:17', '0000-00-00 00:00:00'),
(162, 'Dhaka', 'Shariatpur', 'Shariatpur Sada', '1162', '2015-02-03 07:14:17', '0000-00-00 00:00:00'),
(163, 'Dhaka', 'Shariatpur', 'Zanjira', '1163', '2015-02-03 07:14:17', '0000-00-00 00:00:00'),
(164, 'Dhaka', 'Sherpur', 'Bakshigonj', '1164', '2015-02-03 07:14:17', '0000-00-00 00:00:00'),
(165, 'Dhaka', 'Sherpur', 'Jhenaigati', '1165', '2015-02-03 07:14:17', '0000-00-00 00:00:00'),
(166, 'Dhaka', 'Sherpur', 'Nakla', '1166', '2015-02-03 07:14:17', '0000-00-00 00:00:00'),
(167, 'Dhaka', 'Sherpur', 'Nalitabari', '1167', '2015-02-03 07:14:17', '0000-00-00 00:00:00'),
(168, 'Dhaka', 'Sherpur', 'Sherpur Sadar', '1168', '2015-02-03 07:14:17', '0000-00-00 00:00:00'),
(169, 'Dhaka', 'Sherpur', 'Sreebardi', '1169', '2015-02-03 07:14:17', '0000-00-00 00:00:00'),
(170, 'Dhaka', 'Tangail', 'Basail', '1170', '2015-02-03 07:14:17', '0000-00-00 00:00:00'),
(171, 'Dhaka', 'Tangail', 'Bhuapur', '1171', '2015-02-03 07:14:17', '0000-00-00 00:00:00'),
(172, 'Dhaka', 'Tangail', 'Delduar', '1172', '2015-02-03 07:14:17', '0000-00-00 00:00:00'),
(173, 'Dhaka', 'Tangail', 'Dhanbari', '1173', '2015-02-03 07:14:17', '0000-00-00 00:00:00'),
(174, 'Dhaka', 'Tangail', 'Ghatail', '1174', '2015-02-03 07:14:17', '0000-00-00 00:00:00'),
(175, 'Dhaka', 'Tangail', 'Gopalpur', '1175', '2015-02-03 07:14:17', '0000-00-00 00:00:00'),
(176, 'Dhaka', 'Tangail', 'Kalihati', '1176', '2015-02-03 07:14:17', '0000-00-00 00:00:00'),
(177, 'Dhaka', 'Tangail', 'Madhupur', '1177', '2015-02-03 07:14:17', '0000-00-00 00:00:00'),
(178, 'Dhaka', 'Tangail', 'Mirzapur', '1178', '2015-02-03 07:14:17', '0000-00-00 00:00:00'),
(179, 'Dhaka', 'Tangail', 'Nagarpur', '1179', '2015-02-03 07:14:17', '0000-00-00 00:00:00'),
(180, 'Dhaka', 'Tangail', 'Sakhipur', '1180', '2015-02-03 07:14:17', '0000-00-00 00:00:00'),
(181, 'Dhaka', 'Tangail', 'Tangail Sadar', '1181', '2015-02-03 07:14:17', '0000-00-00 00:00:00'),
(182, 'Chittagong', 'Bandarban', 'Ali Kadam', '2001', '2015-02-03 07:14:17', '0000-00-00 00:00:00'),
(183, 'Chittagong', 'Bandarban', 'Baishari', '2002', '2015-02-03 07:14:17', '0000-00-00 00:00:00'),
(184, 'Chittagong', 'Bandarban', 'Bandarban Sadar', '2003', '2015-02-03 07:14:17', '0000-00-00 00:00:00'),
(185, 'Chittagong', 'Bandarban', 'Lama', '2004', '2015-02-03 07:14:17', '0000-00-00 00:00:00'),
(186, 'Chittagong', 'Bandarban', 'Naikhongchhari', '2005', '2015-02-03 07:14:17', '0000-00-00 00:00:00'),
(187, 'Chittagong', 'Bandarban', 'Rowangchhari', '2006', '2015-02-03 07:14:17', '0000-00-00 00:00:00'),
(188, 'Chittagong', 'Bandarban', 'Ruma', '2007', '2015-02-03 07:14:17', '0000-00-00 00:00:00'),
(189, 'Chittagong', 'Bandarban', 'Thanchi', '2008', '2015-02-03 07:14:17', '0000-00-00 00:00:00'),
(190, 'Chittagong', 'Brahmanbaria', 'Akhaura', '2009', '2015-02-03 07:14:17', '0000-00-00 00:00:00'),
(191, 'Chittagong', 'Brahmanbaria', 'Ashuganj', '2010', '2015-02-03 07:14:17', '0000-00-00 00:00:00'),
(192, 'Chittagong', 'Brahmanbaria', 'Bancharampur', '2011', '2015-02-03 07:14:17', '0000-00-00 00:00:00'),
(193, 'Chittagong', 'Brahmanbaria', 'Bijoynagar', '2012', '2015-02-03 07:14:17', '0000-00-00 00:00:00'),
(194, 'Chittagong', 'Brahmanbaria', 'Brahmanbaria Sa', '2013', '2015-02-03 07:14:17', '0000-00-00 00:00:00'),
(195, 'Chittagong', 'Brahmanbaria', 'Kasba', '2014', '2015-02-03 07:14:17', '0000-00-00 00:00:00'),
(196, 'Chittagong', 'Brahmanbaria', 'Nabinagar', '2015', '2015-02-03 07:14:17', '0000-00-00 00:00:00'),
(197, 'Chittagong', 'Brahmanbaria', 'Nasirnagar', '2016', '2015-02-03 07:14:17', '0000-00-00 00:00:00'),
(198, 'Chittagong', 'Brahmanbaria', 'Sarail', '2017', '2015-02-03 07:14:17', '0000-00-00 00:00:00'),
(199, 'Chittagong', 'Chandpur', 'Chandpur Sadar', '2018', '2015-02-03 07:14:17', '0000-00-00 00:00:00'),
(200, 'Chittagong', 'Chandpur', 'Faridganj', '2019', '2015-02-03 07:14:17', '0000-00-00 00:00:00'),
(201, 'Chittagong', 'Chandpur', 'Haimchar', '2020', '2015-02-03 07:14:17', '0000-00-00 00:00:00'),
(202, 'Chittagong', 'Chandpur', 'Haziganj', '2021', '2015-02-03 07:14:17', '0000-00-00 00:00:00'),
(203, 'Chittagong', 'Chandpur', 'Kachua', '2022', '2015-02-03 07:14:17', '0000-00-00 00:00:00'),
(204, 'Chittagong', 'Chandpur', 'Matlab Dakshin', '2023', '2015-02-03 07:14:17', '0000-00-00 00:00:00'),
(205, 'Chittagong', 'Chandpur', 'Matlab Uttar', '2024', '2015-02-03 07:14:17', '0000-00-00 00:00:00'),
(206, 'Chittagong', 'Chandpur', 'Shahrasti', '2025', '2015-02-03 07:14:17', '0000-00-00 00:00:00'),
(207, 'Chittagong', 'Chittagong', 'Akbarshah', '2026', '2015-02-03 07:14:17', '0000-00-00 00:00:00'),
(208, 'Chittagong', 'Chittagong', 'Anderkilla', '2027', '2015-02-03 07:14:17', '0000-00-00 00:00:00'),
(209, 'Chittagong', 'Chittagong', 'Anwara', '2028', '2015-02-03 07:14:17', '0000-00-00 00:00:00'),
(210, 'Chittagong', 'Chittagong', 'Baklia', '2029', '2015-02-03 07:14:17', '0000-00-00 00:00:00'),
(211, 'Chittagong', 'Chittagong', 'Bandor (Chittag', '2030', '2015-02-03 07:14:17', '0000-00-00 00:00:00'),
(212, 'Chittagong', 'Chittagong', 'Banshkhali', '2031', '2015-02-03 07:14:17', '0000-00-00 00:00:00'),
(213, 'Chittagong', 'Chittagong', 'Bayejid Bostami', '2032', '2015-02-03 07:14:17', '0000-00-00 00:00:00'),
(214, 'Chittagong', 'Chittagong', 'Bhujupur', '2033', '2015-02-03 07:14:17', '0000-00-00 00:00:00'),
(215, 'Chittagong', 'Chittagong', 'Boalkhali', '2034', '2015-02-03 07:14:17', '0000-00-00 00:00:00'),
(216, 'Chittagong', 'Chittagong', 'Chandanaish', '2035', '2015-02-03 07:14:17', '0000-00-00 00:00:00'),
(217, 'Chittagong', 'Chittagong', 'Chandgaon', '2036', '2015-02-03 07:14:17', '0000-00-00 00:00:00'),
(218, 'Chittagong', 'Chittagong', 'Chawkbazar', '2037', '2015-02-03 07:14:17', '0000-00-00 00:00:00'),
(219, 'Chittagong', 'Chittagong', 'Double Morring', '2038', '2015-02-03 07:14:17', '0000-00-00 00:00:00'),
(220, 'Chittagong', 'Chittagong', 'EPZ', '2039', '2015-02-03 07:14:17', '0000-00-00 00:00:00'),
(221, 'Chittagong', 'Chittagong', 'Fatikchhari', '2040', '2015-02-03 07:14:17', '0000-00-00 00:00:00'),
(222, 'Chittagong', 'Chittagong', 'Halishahar', '2041', '2015-02-03 07:14:17', '0000-00-00 00:00:00'),
(223, 'Chittagong', 'Chittagong', 'Hathazari', '2042', '2015-02-03 07:14:17', '0000-00-00 00:00:00'),
(224, 'Chittagong', 'Chittagong', 'Karnafuli', '2043', '2015-02-03 07:14:17', '0000-00-00 00:00:00'),
(225, 'Chittagong', 'Chittagong', 'Karnafuly', '2044', '2015-02-03 07:14:17', '0000-00-00 00:00:00'),
(226, 'Chittagong', 'Chittagong', 'Khulshi', '2045', '2015-02-03 07:14:17', '0000-00-00 00:00:00'),
(227, 'Chittagong', 'Chittagong', 'Kotwali', '2046', '2015-02-03 07:14:17', '0000-00-00 00:00:00'),
(228, 'Chittagong', 'Chittagong', 'Lohagara', '2047', '2015-02-03 07:14:17', '0000-00-00 00:00:00'),
(229, 'Chittagong', 'Chittagong', 'Mirsharai', '2048', '2015-02-03 07:14:17', '0000-00-00 00:00:00'),
(230, 'Chittagong', 'Chittagong', 'Pahartali', '2049', '2015-02-03 07:14:17', '0000-00-00 00:00:00'),
(231, 'Chittagong', 'Chittagong', 'Panchlaish', '2050', '2015-02-03 07:14:17', '0000-00-00 00:00:00'),
(232, 'Chittagong', 'Chittagong', 'Patiya', '2051', '2015-02-03 07:14:17', '0000-00-00 00:00:00'),
(233, 'Chittagong', 'Chittagong', 'Potenga', '2052', '2015-02-03 07:14:17', '0000-00-00 00:00:00'),
(234, 'Chittagong', 'Chittagong', 'Rangunia', '2053', '2015-02-03 07:14:17', '0000-00-00 00:00:00'),
(235, 'Chittagong', 'Chittagong', 'Raozan', '2054', '2015-02-03 07:14:17', '0000-00-00 00:00:00'),
(236, 'Chittagong', 'Chittagong', 'Sadarghat', '2055', '2015-02-03 07:14:17', '0000-00-00 00:00:00'),
(237, 'Chittagong', 'Chittagong', 'Sandwip', '2056', '2015-02-03 07:14:17', '0000-00-00 00:00:00'),
(238, 'Chittagong', 'Chittagong', 'Satkania', '2057', '2015-02-03 07:14:17', '0000-00-00 00:00:00'),
(239, 'Chittagong', 'Chittagong', 'Sitakunda', '2058', '2015-02-03 07:14:17', '0000-00-00 00:00:00'),
(240, 'Chittagong', 'Comilla', 'Barura', '2059', '2015-02-03 07:14:17', '0000-00-00 00:00:00'),
(241, 'Chittagong', 'Comilla', 'Brahmanpara', '2060', '2015-02-03 07:14:17', '0000-00-00 00:00:00'),
(242, 'Chittagong', 'Comilla', 'Burichang', '2061', '2015-02-03 07:14:17', '0000-00-00 00:00:00'),
(243, 'Chittagong', 'Comilla', 'Chandina', '2062', '2015-02-03 07:14:17', '0000-00-00 00:00:00'),
(244, 'Chittagong', 'Comilla', 'Chauddagram', '2063', '2015-02-03 07:14:17', '0000-00-00 00:00:00'),
(245, 'Chittagong', 'Comilla', 'Comilla Sadar', '2064', '2015-02-03 07:14:17', '0000-00-00 00:00:00'),
(246, 'Chittagong', 'Comilla', 'Daudkandi', '2065', '2015-02-03 07:14:17', '0000-00-00 00:00:00'),
(247, 'Chittagong', 'Comilla', 'Debidwar', '2066', '2015-02-03 07:14:17', '0000-00-00 00:00:00'),
(248, 'Chittagong', 'Comilla', 'Homna', '2067', '2015-02-03 07:14:17', '0000-00-00 00:00:00'),
(249, 'Chittagong', 'Comilla', 'Laksam', '2068', '2015-02-03 07:14:17', '0000-00-00 00:00:00'),
(250, 'Chittagong', 'Comilla', 'Meghna', '2069', '2015-02-03 07:14:17', '0000-00-00 00:00:00'),
(251, 'Chittagong', 'Comilla', 'Monohargonj', '2070', '2015-02-03 07:14:17', '0000-00-00 00:00:00'),
(252, 'Chittagong', 'Comilla', 'Muradnagar', '2071', '2015-02-03 07:14:17', '0000-00-00 00:00:00'),
(253, 'Chittagong', 'Comilla', 'Nangalkot', '2072', '2015-02-03 07:14:17', '0000-00-00 00:00:00'),
(254, 'Chittagong', 'Comilla', 'Sadar South', '2073', '2015-02-03 07:14:17', '0000-00-00 00:00:00'),
(255, 'Chittagong', 'Comilla', 'Titas', '2074', '2015-02-03 07:14:17', '0000-00-00 00:00:00'),
(256, 'Chittagong', 'Cox''s Bazar', 'Chakaria', '2075', '2015-02-03 07:14:17', '0000-00-00 00:00:00'),
(257, 'Chittagong', 'Cox''s Bazar', 'Cox''s Bazar Sad', '2076', '2015-02-03 07:14:17', '0000-00-00 00:00:00'),
(258, 'Chittagong', 'Cox''s Bazar', 'Kutubdia', '2077', '2015-02-03 07:14:17', '0000-00-00 00:00:00'),
(259, 'Chittagong', 'Cox''s Bazar', 'Maheshkhali', '2078', '2015-02-03 07:14:17', '0000-00-00 00:00:00'),
(260, 'Chittagong', 'Cox''s Bazar', 'Pekua', '2079', '2015-02-03 07:14:17', '0000-00-00 00:00:00'),
(261, 'Chittagong', 'Cox''s Bazar', 'Ramu', '2080', '2015-02-03 07:14:17', '0000-00-00 00:00:00'),
(262, 'Chittagong', 'Cox''s Bazar', 'Teknaf', '2081', '2015-02-03 07:14:17', '0000-00-00 00:00:00'),
(263, 'Chittagong', 'Cox''s Bazar', 'Ukhia', '2082', '2015-02-03 07:14:17', '0000-00-00 00:00:00'),
(264, 'Chittagong', 'Feni', 'Chhagalnaiya', '2083', '2015-02-03 07:14:17', '0000-00-00 00:00:00'),
(265, 'Chittagong', 'Feni', 'Daganbhuiyan', '2084', '2015-02-03 07:14:17', '0000-00-00 00:00:00'),
(266, 'Chittagong', 'Feni', 'Feni Sadar', '2085', '2015-02-03 07:14:17', '0000-00-00 00:00:00'),
(267, 'Chittagong', 'Feni', 'Fulgazi', '2086', '2015-02-03 07:14:17', '0000-00-00 00:00:00'),
(268, 'Chittagong', 'Feni', 'Parshuram', '2087', '2015-02-03 07:14:17', '0000-00-00 00:00:00'),
(269, 'Chittagong', 'Feni', 'Sonagazi', '2088', '2015-02-03 07:14:17', '0000-00-00 00:00:00'),
(270, 'Chittagong', 'Khagrachari', 'Dighinala', '2089', '2015-02-03 07:14:17', '0000-00-00 00:00:00'),
(271, 'Chittagong', 'Khagrachari', 'Guimara', '2090', '2015-02-03 07:14:17', '0000-00-00 00:00:00'),
(272, 'Chittagong', 'Khagrachari', 'Khagrachhari', '2091', '2015-02-03 07:14:17', '0000-00-00 00:00:00'),
(273, 'Chittagong', 'Khagrachari', 'Lakshmichhari', '2092', '2015-02-03 07:14:17', '0000-00-00 00:00:00'),
(274, 'Chittagong', 'Khagrachari', 'Mahalchhari', '2093', '2015-02-03 07:14:17', '0000-00-00 00:00:00'),
(275, 'Chittagong', 'Khagrachari', 'Manikchhari', '2094', '2015-02-03 07:14:17', '0000-00-00 00:00:00'),
(276, 'Chittagong', 'Khagrachari', 'Matiranga', '2095', '2015-02-03 07:14:17', '0000-00-00 00:00:00'),
(277, 'Chittagong', 'Khagrachari', 'Panchhari', '2096', '2015-02-03 07:14:17', '0000-00-00 00:00:00'),
(278, 'Chittagong', 'Khagrachari', 'Ramgarh', '2097', '2015-02-03 07:14:17', '0000-00-00 00:00:00'),
(279, 'Chittagong', 'Lakshmipur', 'Komolnagar', '2098', '2015-02-03 07:14:17', '0000-00-00 00:00:00'),
(280, 'Chittagong', 'Lakshmipur', 'Lakshmipur Sada', '2099', '2015-02-03 07:14:17', '0000-00-00 00:00:00'),
(281, 'Chittagong', 'Lakshmipur', 'Raipur', '2100', '2015-02-03 07:14:17', '0000-00-00 00:00:00'),
(282, 'Chittagong', 'Lakshmipur', 'Ramganj', '2101', '2015-02-03 07:14:17', '0000-00-00 00:00:00'),
(283, 'Chittagong', 'Lakshmipur', 'Ramgati', '2102', '2015-02-03 07:14:17', '0000-00-00 00:00:00'),
(284, 'Chittagong', 'Noakhali', 'Basurhat', '2103', '2015-02-03 07:14:17', '0000-00-00 00:00:00'),
(285, 'Chittagong', 'Noakhali', 'Begumganj', '2104', '2015-02-03 07:14:17', '0000-00-00 00:00:00'),
(286, 'Chittagong', 'Noakhali', 'Charjabbar', '2105', '2015-02-03 07:14:17', '0000-00-00 00:00:00'),
(287, 'Chittagong', 'Noakhali', 'Chatkhil', '2106', '2015-02-03 07:14:17', '0000-00-00 00:00:00'),
(288, 'Chittagong', 'Noakhali', 'Companiganj', '2107', '2015-02-03 07:14:17', '0000-00-00 00:00:00'),
(289, 'Chittagong', 'Noakhali', 'Hatiya', '2108', '2015-02-03 07:14:17', '0000-00-00 00:00:00'),
(290, 'Chittagong', 'Noakhali', 'Kabirhat', '2109', '2015-02-03 07:14:17', '0000-00-00 00:00:00'),
(291, 'Chittagong', 'Noakhali', 'Noakhali Sadar', '2110', '2015-02-03 07:14:17', '0000-00-00 00:00:00'),
(292, 'Chittagong', 'Noakhali', 'Senbagh', '2111', '2015-02-03 07:14:17', '0000-00-00 00:00:00'),
(293, 'Chittagong', 'Noakhali', 'Sonaimuri', '2112', '2015-02-03 07:14:17', '0000-00-00 00:00:00'),
(294, 'Chittagong', 'Noakhali', 'Subarnachar', '2113', '2015-02-03 07:14:17', '0000-00-00 00:00:00'),
(295, 'Chittagong', 'Noakhali', 'Sudharam', '2114', '2015-02-03 07:14:17', '0000-00-00 00:00:00'),
(296, 'Chittagong', 'Rangamati', 'Bagaichhari', '2115', '2015-02-03 07:14:17', '0000-00-00 00:00:00'),
(297, 'Chittagong', 'Rangamati', 'Barkal', '2116', '2015-02-03 07:14:17', '0000-00-00 00:00:00'),
(298, 'Chittagong', 'Rangamati', 'Belaichhari', '2117', '2015-02-03 07:14:17', '0000-00-00 00:00:00'),
(299, 'Chittagong', 'Rangamati', 'Chandraghona', '2118', '2015-02-03 07:14:17', '0000-00-00 00:00:00'),
(300, 'Chittagong', 'Rangamati', 'Farua', '2119', '2015-02-03 07:14:17', '0000-00-00 00:00:00'),
(301, 'Chittagong', 'Rangamati', 'Juraichhari', '2120', '2015-02-03 07:14:17', '0000-00-00 00:00:00'),
(302, 'Chittagong', 'Rangamati', 'Kaptai', '2121', '2015-02-03 07:14:17', '0000-00-00 00:00:00'),
(303, 'Chittagong', 'Rangamati', 'Kawkhali (Betbu', '2122', '2015-02-03 07:14:17', '0000-00-00 00:00:00'),
(304, 'Chittagong', 'Rangamati', 'Langadu', '2123', '2015-02-03 07:14:17', '0000-00-00 00:00:00'),
(305, 'Chittagong', 'Rangamati', 'Naniyachar', '2124', '2015-02-03 07:14:17', '0000-00-00 00:00:00'),
(306, 'Chittagong', 'Rangamati', 'Rajasthali', '2125', '2015-02-03 07:14:17', '0000-00-00 00:00:00'),
(307, 'Chittagong', 'Rangamati', 'Rangamati Sadar', '2126', '2015-02-03 07:14:17', '0000-00-00 00:00:00'),
(308, 'Chittagong', 'Rangamati', 'Sajek', '2127', '2015-02-03 07:14:17', '0000-00-00 00:00:00'),
(309, 'Barisal', 'Barguna', 'Amtali', '3001', '2015-02-03 07:14:17', '0000-00-00 00:00:00'),
(310, 'Barisal', 'Barguna', 'Bamna', '3002', '2015-02-03 07:14:17', '0000-00-00 00:00:00'),
(311, 'Barisal', 'Barguna', 'Barguna Sadar', '3003', '2015-02-03 07:14:17', '0000-00-00 00:00:00'),
(312, 'Barisal', 'Barguna', 'Betagi', '3004', '2015-02-03 07:14:17', '0000-00-00 00:00:00'),
(313, 'Barisal', 'Barguna', 'Patharghata', '3005', '2015-02-03 07:14:17', '0000-00-00 00:00:00'),
(314, 'Barisal', 'Barguna', 'Taltoli', '3006', '2015-02-03 07:14:17', '0000-00-00 00:00:00'),
(315, 'Barisal', 'Barisal', 'Agailjhara', '3007', '2015-02-03 07:14:17', '0000-00-00 00:00:00'),
(316, 'Barisal', 'Barisal', 'Babuganj', '3008', '2015-02-03 07:14:17', '0000-00-00 00:00:00'),
(317, 'Barisal', 'Barisal', 'Bakerganj', '3009', '2015-02-03 07:14:17', '0000-00-00 00:00:00'),
(318, 'Barisal', 'Barisal', 'Banaripara', '3010', '2015-02-03 07:14:17', '0000-00-00 00:00:00'),
(319, 'Barisal', 'Barisal', 'Barisal Sadar', '3011', '2015-02-03 07:14:17', '0000-00-00 00:00:00'),
(320, 'Barisal', 'Barisal', 'Gaurnadi', '3012', '2015-02-03 07:14:17', '0000-00-00 00:00:00'),
(321, 'Barisal', 'Barisal', 'Hizla', '3013', '2015-02-03 07:14:17', '0000-00-00 00:00:00'),
(322, 'Barisal', 'Barisal', 'Mehendiganj', '3014', '2015-02-03 07:14:17', '0000-00-00 00:00:00'),
(323, 'Barisal', 'Barisal', 'Muladi', '3015', '2015-02-03 07:14:17', '0000-00-00 00:00:00'),
(324, 'Barisal', 'Barisal', 'Wazirpur', '3016', '2015-02-03 07:14:17', '0000-00-00 00:00:00'),
(325, 'Barisal', 'Bhola', 'Bhola Sadar', '3017', '2015-02-03 07:14:17', '0000-00-00 00:00:00'),
(326, 'Barisal', 'Bhola', 'Burhanuddin', '3018', '2015-02-03 07:14:17', '0000-00-00 00:00:00'),
(327, 'Barisal', 'Bhola', 'Char Fasson', '3019', '2015-02-03 07:14:17', '0000-00-00 00:00:00'),
(328, 'Barisal', 'Bhola', 'Daulatkhan', '3020', '2015-02-03 07:14:17', '0000-00-00 00:00:00'),
(329, 'Barisal', 'Bhola', 'Lalmohan', '3021', '2015-02-03 07:14:17', '0000-00-00 00:00:00'),
(330, 'Barisal', 'Bhola', 'Manpura', '3022', '2015-02-03 07:14:17', '0000-00-00 00:00:00'),
(331, 'Barisal', 'Bhola', 'Tazumuddin', '3023', '2015-02-03 07:14:17', '0000-00-00 00:00:00'),
(332, 'Barisal', 'Jhalokati', 'Jhalokati Sadar', '3024', '2015-02-03 07:14:17', '0000-00-00 00:00:00'),
(333, 'Barisal', 'Jhalokati', 'Kathalia', '3025', '2015-02-03 07:14:17', '0000-00-00 00:00:00'),
(334, 'Barisal', 'Jhalokati', 'Nalchity', '3026', '2015-02-03 07:14:17', '0000-00-00 00:00:00'),
(335, 'Barisal', 'Jhalokati', 'Rajapur', '3027', '2015-02-03 07:14:17', '0000-00-00 00:00:00'),
(336, 'Barisal', 'Patuakhali', 'Bauphal', '3028', '2015-02-03 07:14:17', '0000-00-00 00:00:00'),
(337, 'Barisal', 'Patuakhali', 'Dashmina', '3029', '2015-02-03 07:14:17', '0000-00-00 00:00:00'),
(338, 'Barisal', 'Patuakhali', 'Dumki', '3030', '2015-02-03 07:14:17', '0000-00-00 00:00:00'),
(339, 'Barisal', 'Patuakhali', 'Galachipa', '3031', '2015-02-03 07:14:17', '0000-00-00 00:00:00'),
(340, 'Barisal', 'Patuakhali', 'Kalapara', '3032', '2015-02-03 07:14:17', '0000-00-00 00:00:00'),
(341, 'Barisal', 'Patuakhali', 'Khepupara', '3033', '2015-02-03 07:14:17', '0000-00-00 00:00:00'),
(342, 'Barisal', 'Patuakhali', 'Mirzaganj', '3034', '2015-02-03 07:14:17', '0000-00-00 00:00:00'),
(343, 'Barisal', 'Patuakhali', 'Patuakhali Sada', '3035', '2015-02-03 07:14:17', '0000-00-00 00:00:00'),
(344, 'Barisal', 'Patuakhali', 'Rangabali', '3036', '2015-02-03 07:14:17', '0000-00-00 00:00:00'),
(345, 'Barisal', 'Patuakhali', 'Subidkhali', '3037', '2015-02-03 07:14:17', '0000-00-00 00:00:00'),
(346, 'Barisal', 'Pirojpur', 'Bhandaria', '3038', '2015-02-03 07:14:17', '0000-00-00 00:00:00'),
(347, 'Barisal', 'Pirojpur', 'Kawkhali', '3039', '2015-02-03 07:14:17', '0000-00-00 00:00:00'),
(348, 'Barisal', 'Pirojpur', 'Mathbaria', '3040', '2015-02-03 07:14:17', '0000-00-00 00:00:00'),
(349, 'Barisal', 'Pirojpur', 'Nazirpur', '3041', '2015-02-03 07:14:17', '0000-00-00 00:00:00'),
(350, 'Barisal', 'Pirojpur', 'Nesarabad (Swar', '3042', '2015-02-03 07:14:17', '0000-00-00 00:00:00'),
(351, 'Barisal', 'Pirojpur', 'Pirojpur Sadar', '3043', '2015-02-03 07:14:17', '0000-00-00 00:00:00'),
(352, 'Barisal', 'Pirojpur', 'Zianagor', '3044', '2015-02-03 07:14:17', '0000-00-00 00:00:00'),
(353, 'Khulna', 'Bagerhat', 'Bagerhat Sadar', '4001', '2015-02-03 07:14:17', '0000-00-00 00:00:00'),
(354, 'Khulna', 'Bagerhat', 'Chitalmari', '4002', '2015-02-03 07:14:17', '0000-00-00 00:00:00'),
(355, 'Khulna', 'Bagerhat', 'Fakirhat', '4003', '2015-02-03 07:14:17', '0000-00-00 00:00:00'),
(356, 'Khulna', 'Bagerhat', 'Kachua', '4004', '2015-02-03 07:14:17', '0000-00-00 00:00:00'),
(357, 'Khulna', 'Bagerhat', 'Mollahat', '4005', '2015-02-03 07:14:17', '0000-00-00 00:00:00'),
(358, 'Khulna', 'Bagerhat', 'Mongla', '4006', '2015-02-03 07:14:17', '0000-00-00 00:00:00'),
(359, 'Khulna', 'Bagerhat', 'Morrelganj', '4007', '2015-02-03 07:14:17', '0000-00-00 00:00:00'),
(360, 'Khulna', 'Bagerhat', 'Rampal', '4008', '2015-02-03 07:14:17', '0000-00-00 00:00:00'),
(361, 'Khulna', 'Bagerhat', 'Sarankhola', '4009', '2015-02-03 07:14:17', '0000-00-00 00:00:00'),
(362, 'Khulna', 'Chuadanga', 'Alamdanga', '4010', '2015-02-03 07:14:17', '0000-00-00 00:00:00'),
(363, 'Khulna', 'Chuadanga', 'Chuadanga Sadar', '4011', '2015-02-03 07:14:17', '0000-00-00 00:00:00'),
(364, 'Khulna', 'Chuadanga', 'Damurhuda', '4012', '2015-02-03 07:14:17', '0000-00-00 00:00:00'),
(365, 'Khulna', 'Chuadanga', 'Jibannagar', '4013', '2015-02-03 07:14:17', '0000-00-00 00:00:00'),
(366, 'Khulna', 'Jessore', 'Abhaynagar', '4014', '2015-02-03 07:14:17', '0000-00-00 00:00:00'),
(367, 'Khulna', 'Jessore', 'Bagherpara', '4015', '2015-02-03 07:14:17', '0000-00-00 00:00:00'),
(368, 'Khulna', 'Jessore', 'Benapol', '4016', '2015-02-03 07:14:17', '0000-00-00 00:00:00'),
(369, 'Khulna', 'Jessore', 'Chaugachha', '4017', '2015-02-03 07:14:17', '0000-00-00 00:00:00'),
(370, 'Khulna', 'Jessore', 'Jessore Sadar', '4018', '2015-02-03 07:14:17', '0000-00-00 00:00:00'),
(371, 'Khulna', 'Jessore', 'Jhikargachha', '4019', '2015-02-03 07:14:17', '0000-00-00 00:00:00'),
(372, 'Khulna', 'Jessore', 'Keshabpur', '4020', '2015-02-03 07:14:17', '0000-00-00 00:00:00'),
(373, 'Khulna', 'Jessore', 'Manirampur', '4021', '2015-02-03 07:14:17', '0000-00-00 00:00:00'),
(374, 'Khulna', 'Jessore', 'Sharsha', '4022', '2015-02-03 07:14:17', '0000-00-00 00:00:00'),
(375, 'Khulna', 'Jhenaidah', 'Harinakunda', '4023', '2015-02-03 07:14:17', '0000-00-00 00:00:00'),
(376, 'Khulna', 'Jhenaidah', 'Jhenaidah Sadar', '4024', '2015-02-03 07:14:17', '0000-00-00 00:00:00'),
(377, 'Khulna', 'Jhenaidah', 'Kaliganj', '4025', '2015-02-03 07:14:17', '0000-00-00 00:00:00'),
(378, 'Khulna', 'Jhenaidah', 'Kotchandpur', '4026', '2015-02-03 07:14:17', '0000-00-00 00:00:00'),
(379, 'Khulna', 'Jhenaidah', 'Maheshpur', '4027', '2015-02-03 07:14:17', '0000-00-00 00:00:00'),
(380, 'Khulna', 'Jhenaidah', 'Shailkupa', '4028', '2015-02-03 07:14:17', '0000-00-00 00:00:00'),
(381, 'Khulna', 'Khulna', 'Batiaghata', '4029', '2015-02-03 07:14:17', '0000-00-00 00:00:00'),
(382, 'Khulna', 'Khulna', 'Dacope', '4030', '2015-02-03 07:14:17', '0000-00-00 00:00:00'),
(383, 'Khulna', 'Khulna', 'Daulatpur', '4031', '2015-02-03 07:14:17', '0000-00-00 00:00:00'),
(384, 'Khulna', 'Khulna', 'Dighalia', '4032', '2015-02-03 07:14:17', '0000-00-00 00:00:00'),
(385, 'Khulna', 'Khulna', 'Dumuria', '4033', '2015-02-03 07:14:17', '0000-00-00 00:00:00'),
(386, 'Khulna', 'Khulna', 'Harintana', '4034', '2015-02-03 07:14:17', '0000-00-00 00:00:00'),
(387, 'Khulna', 'Khulna', 'Khalishpur', '4035', '2015-02-03 07:14:17', '0000-00-00 00:00:00'),
(388, 'Khulna', 'Khulna', 'Khan Jahan Ali', '4036', '2015-02-03 07:14:17', '0000-00-00 00:00:00'),
(389, 'Khulna', 'Khulna', 'Kotwali', '4037', '2015-02-03 07:14:17', '0000-00-00 00:00:00'),
(390, 'Khulna', 'Khulna', 'Koyra', '4038', '2015-02-03 07:14:17', '0000-00-00 00:00:00'),
(391, 'Khulna', 'Khulna', 'Paikgachha', '4039', '2015-02-03 07:14:17', '0000-00-00 00:00:00'),
(392, 'Khulna', 'Khulna', 'Phultala', '4040', '2015-02-03 07:14:17', '0000-00-00 00:00:00'),
(393, 'Khulna', 'Khulna', 'Rupsha', '4041', '2015-02-03 07:14:17', '0000-00-00 00:00:00'),
(394, 'Khulna', 'Khulna', 'Sonadanga', '4042', '2015-02-03 07:14:17', '0000-00-00 00:00:00'),
(395, 'Khulna', 'Khulna', 'Terokhada', '4043', '2015-02-03 07:14:17', '0000-00-00 00:00:00'),
(396, 'Khulna', 'Kushtia', 'Bheramara', '4044', '2015-02-03 07:14:17', '0000-00-00 00:00:00'),
(397, 'Khulna', 'Kushtia', 'Daulatpur', '4045', '2015-02-03 07:14:17', '0000-00-00 00:00:00'),
(398, 'Khulna', 'Kushtia', 'Khoksa', '4046', '2015-02-03 07:14:17', '0000-00-00 00:00:00'),
(399, 'Khulna', 'Kushtia', 'Kumarkhali', '4047', '2015-02-03 07:14:17', '0000-00-00 00:00:00'),
(400, 'Khulna', 'Kushtia', 'Kushtia Sadar', '4048', '2015-02-03 07:14:17', '0000-00-00 00:00:00'),
(401, 'Khulna', 'Kushtia', 'Mirpur', '4049', '2015-02-03 07:14:17', '0000-00-00 00:00:00'),
(402, 'Khulna', 'Kushtia', 'Shekhpara', '4050', '2015-02-03 07:14:17', '0000-00-00 00:00:00'),
(403, 'Khulna', 'Magura', 'Magura Sadar', '4051', '2015-02-03 07:14:17', '0000-00-00 00:00:00'),
(404, 'Khulna', 'Magura', 'Mohammadpur', '4052', '2015-02-03 07:14:17', '0000-00-00 00:00:00'),
(405, 'Khulna', 'Magura', 'Shalikha', '4053', '2015-02-03 07:14:17', '0000-00-00 00:00:00'),
(406, 'Khulna', 'Magura', 'Sreepur', '4054', '2015-02-03 07:14:17', '0000-00-00 00:00:00'),
(407, 'Khulna', 'Meherpur', 'Gangni', '4055', '2015-02-03 07:14:17', '0000-00-00 00:00:00'),
(408, 'Khulna', 'Meherpur', 'Meherpur Sadar', '4056', '2015-02-03 07:14:17', '0000-00-00 00:00:00'),
(409, 'Khulna', 'Meherpur', 'Mujibnagar', '4057', '2015-02-03 07:14:17', '0000-00-00 00:00:00'),
(410, 'Khulna', 'Narail', 'Kalia', '4058', '2015-02-03 07:14:17', '0000-00-00 00:00:00'),
(411, 'Khulna', 'Narail', 'Lohagara', '4059', '2015-02-03 07:14:17', '0000-00-00 00:00:00'),
(412, 'Khulna', 'Narail', 'Naragati', '4060', '2015-02-03 07:14:17', '0000-00-00 00:00:00'),
(413, 'Khulna', 'Narail', 'Narail Sadar', '4061', '2015-02-03 07:14:17', '0000-00-00 00:00:00'),
(414, 'Khulna', 'Satkhira', 'Assasuni', '4062', '2015-02-03 07:14:17', '0000-00-00 00:00:00'),
(415, 'Khulna', 'Satkhira', 'Debhata', '4063', '2015-02-03 07:14:17', '0000-00-00 00:00:00'),
(416, 'Khulna', 'Satkhira', 'Kalaroa', '4064', '2015-02-03 07:14:17', '0000-00-00 00:00:00'),
(417, 'Khulna', 'Satkhira', 'Kaliganj', '4065', '2015-02-03 07:14:17', '0000-00-00 00:00:00'),
(418, 'Khulna', 'Satkhira', 'Satkhira Sadar', '4066', '2015-02-03 07:14:17', '0000-00-00 00:00:00'),
(419, 'Khulna', 'Satkhira', 'Shyamnagar', '4067', '2015-02-03 07:14:17', '0000-00-00 00:00:00'),
(420, 'Khulna', 'Satkhira', 'Tala', '4068', '2015-02-03 07:14:17', '0000-00-00 00:00:00'),
(421, 'Rajshahi', 'Bogra', 'Adamdighi', '5001', '2015-02-03 07:14:17', '0000-00-00 00:00:00'),
(422, 'Rajshahi', 'Bogra', 'Bogra Sadar', '5002', '2015-02-03 07:14:17', '0000-00-00 00:00:00'),
(423, 'Rajshahi', 'Bogra', 'Dhunat', '5003', '2015-02-03 07:14:17', '0000-00-00 00:00:00'),
(424, 'Rajshahi', 'Bogra', 'Dhupchanchia', '5004', '2015-02-03 07:14:17', '0000-00-00 00:00:00'),
(425, 'Rajshahi', 'Bogra', 'Gabtali', '5005', '2015-02-03 07:14:17', '0000-00-00 00:00:00'),
(426, 'Rajshahi', 'Bogra', 'Kahaloo', '5006', '2015-02-03 07:14:17', '0000-00-00 00:00:00'),
(427, 'Rajshahi', 'Bogra', 'Nandigram', '5007', '2015-02-03 07:14:17', '0000-00-00 00:00:00'),
(428, 'Rajshahi', 'Bogra', 'Sahajanpur', '5008', '2015-02-03 07:14:17', '0000-00-00 00:00:00'),
(429, 'Rajshahi', 'Bogra', 'Sariakandi', '5009', '2015-02-03 07:14:17', '0000-00-00 00:00:00'),
(430, 'Rajshahi', 'Bogra', 'Sherpur', '5010', '2015-02-03 07:14:17', '0000-00-00 00:00:00'),
(431, 'Rajshahi', 'Bogra', 'Shibganj', '5011', '2015-02-03 07:14:17', '0000-00-00 00:00:00'),
(432, 'Rajshahi', 'Bogra', 'Sonatola', '5012', '2015-02-03 07:14:17', '0000-00-00 00:00:00'),
(433, 'Rajshahi', 'Joypurhat', 'Akkelpur', '5013', '2015-02-03 07:14:17', '0000-00-00 00:00:00'),
(434, 'Rajshahi', 'Joypurhat', 'Joypurhat Sadar', '5014', '2015-02-03 07:14:17', '0000-00-00 00:00:00'),
(435, 'Rajshahi', 'Joypurhat', 'Kalai', '5015', '2015-02-03 07:14:17', '0000-00-00 00:00:00'),
(436, 'Rajshahi', 'Joypurhat', 'Khetlal', '5016', '2015-02-03 07:14:17', '0000-00-00 00:00:00'),
(437, 'Rajshahi', 'Joypurhat', 'Panchbibi', '5017', '2015-02-03 07:14:17', '0000-00-00 00:00:00'),
(438, 'Rajshahi', 'Naogaon', 'Atrai', '5018', '2015-02-03 07:14:17', '0000-00-00 00:00:00'),
(439, 'Rajshahi', 'Naogaon', 'Badalgachhi', '5019', '2015-02-03 07:14:17', '0000-00-00 00:00:00'),
(440, 'Rajshahi', 'Naogaon', 'Dhamoirhat', '5020', '2015-02-03 07:14:17', '0000-00-00 00:00:00'),
(441, 'Rajshahi', 'Naogaon', 'Manda', '5021', '2015-02-03 07:14:17', '0000-00-00 00:00:00'),
(442, 'Rajshahi', 'Naogaon', 'Mohadevpur', '5022', '2015-02-03 07:14:17', '0000-00-00 00:00:00'),
(443, 'Rajshahi', 'Naogaon', 'Naogaon Sadar', '5023', '2015-02-03 07:14:17', '0000-00-00 00:00:00'),
(444, 'Rajshahi', 'Naogaon', 'Niamatpur', '5024', '2015-02-03 07:14:17', '0000-00-00 00:00:00'),
(445, 'Rajshahi', 'Naogaon', 'Patnitala', '5025', '2015-02-03 07:14:17', '0000-00-00 00:00:00'),
(446, 'Rajshahi', 'Naogaon', 'Porsha', '5026', '2015-02-03 07:14:17', '0000-00-00 00:00:00'),
(447, 'Rajshahi', 'Naogaon', 'Raninagar', '5027', '2015-02-03 07:14:17', '0000-00-00 00:00:00'),
(448, 'Rajshahi', 'Naogaon', 'Sapahar', '5028', '2015-02-03 07:14:17', '0000-00-00 00:00:00'),
(449, 'Rajshahi', 'Natore', 'Bagatipara', '5029', '2015-02-03 07:14:17', '0000-00-00 00:00:00'),
(450, 'Rajshahi', 'Natore', 'Baraigram', '5030', '2015-02-03 07:14:17', '0000-00-00 00:00:00'),
(451, 'Rajshahi', 'Natore', 'Gurudaspur', '5031', '2015-02-03 07:14:17', '0000-00-00 00:00:00'),
(452, 'Rajshahi', 'Natore', 'Lalpur', '5032', '2015-02-03 07:14:17', '0000-00-00 00:00:00'),
(453, 'Rajshahi', 'Natore', 'Naldanga', '5033', '2015-02-03 07:14:17', '0000-00-00 00:00:00'),
(454, 'Rajshahi', 'Natore', 'Natore Sadar', '5034', '2015-02-03 07:14:17', '0000-00-00 00:00:00'),
(455, 'Rajshahi', 'Natore', 'Singra', '5035', '2015-02-03 07:14:17', '0000-00-00 00:00:00'),
(456, 'Rajshahi', 'Nawabganj', 'Bholahat', '5036', '2015-02-03 07:14:17', '0000-00-00 00:00:00'),
(457, 'Rajshahi', 'Nawabganj', 'Gomastapur', '5037', '2015-02-03 07:14:17', '0000-00-00 00:00:00'),
(458, 'Rajshahi', 'Nawabganj', 'Nachole', '5038', '2015-02-03 07:14:17', '0000-00-00 00:00:00'),
(459, 'Rajshahi', 'Nawabganj', 'Nawabganj Sadar', '5039', '2015-02-03 07:14:17', '0000-00-00 00:00:00'),
(460, 'Rajshahi', 'Nawabganj', 'Shibganj', '5040', '2015-02-03 07:14:17', '0000-00-00 00:00:00'),
(461, 'Rajshahi', 'Pabna', 'Ataikula', '5041', '2015-02-03 07:14:17', '0000-00-00 00:00:00'),
(462, 'Rajshahi', 'Pabna', 'Atgharia', '5042', '2015-02-03 07:14:17', '0000-00-00 00:00:00'),
(463, 'Rajshahi', 'Pabna', 'Bera', '5043', '2015-02-03 07:14:17', '0000-00-00 00:00:00'),
(464, 'Rajshahi', 'Pabna', 'Bhangura', '5044', '2015-02-03 07:14:17', '0000-00-00 00:00:00'),
(465, 'Rajshahi', 'Pabna', 'Chatmohar', '5045', '2015-02-03 07:14:17', '0000-00-00 00:00:00'),
(466, 'Rajshahi', 'Pabna', 'Faridpur', '5046', '2015-02-03 07:14:17', '0000-00-00 00:00:00'),
(467, 'Rajshahi', 'Pabna', 'Ishwardi', '5047', '2015-02-03 07:14:17', '0000-00-00 00:00:00'),
(468, 'Rajshahi', 'Pabna', 'Pabna Sadar', '5048', '2015-02-03 07:14:17', '0000-00-00 00:00:00'),
(469, 'Rajshahi', 'Pabna', 'Santhia', '5049', '2015-02-03 07:14:17', '0000-00-00 00:00:00'),
(470, 'Rajshahi', 'Pabna', 'Sujanagar', '5050', '2015-02-03 07:14:17', '0000-00-00 00:00:00'),
(471, 'Rajshahi', 'Rajshahi', 'Bagha', '5051', '2015-02-03 07:14:17', '0000-00-00 00:00:00'),
(472, 'Rajshahi', 'Rajshahi', 'Bagmara', '5052', '2015-02-03 07:14:17', '0000-00-00 00:00:00'),
(473, 'Rajshahi', 'Rajshahi', 'Boalia', '5053', '2015-02-03 07:14:17', '0000-00-00 00:00:00'),
(474, 'Rajshahi', 'Rajshahi', 'Charghat', '5054', '2015-02-03 07:14:17', '0000-00-00 00:00:00'),
(475, 'Rajshahi', 'Rajshahi', 'Durgapur', '5055', '2015-02-03 07:14:17', '0000-00-00 00:00:00'),
(476, 'Rajshahi', 'Rajshahi', 'Ghoramara', '5056', '2015-02-03 07:14:17', '0000-00-00 00:00:00'),
(477, 'Rajshahi', 'Rajshahi', 'Godagari', '5057', '2015-02-03 07:14:17', '0000-00-00 00:00:00'),
(478, 'Rajshahi', 'Rajshahi', 'Matihar', '5058', '2015-02-03 07:14:17', '0000-00-00 00:00:00'),
(479, 'Rajshahi', 'Rajshahi', 'Mohanpur', '5059', '2015-02-03 07:14:17', '0000-00-00 00:00:00'),
(480, 'Rajshahi', 'Rajshahi', 'Paba', '5060', '2015-02-03 07:14:17', '0000-00-00 00:00:00'),
(481, 'Rajshahi', 'Rajshahi', 'Puthia', '5061', '2015-02-03 07:14:17', '0000-00-00 00:00:00'),
(482, 'Rajshahi', 'Rajshahi', 'Rajpara', '5062', '2015-02-03 07:14:17', '0000-00-00 00:00:00'),
(483, 'Rajshahi', 'Rajshahi', 'Rajshahi Sadar', '5063', '2015-02-03 07:14:17', '0000-00-00 00:00:00'),
(484, 'Rajshahi', 'Rajshahi', 'Shah Mokdum', '5064', '2015-02-03 07:14:17', '0000-00-00 00:00:00'),
(485, 'Rajshahi', 'Rajshahi', 'Tanore', '5065', '2015-02-03 07:14:17', '0000-00-00 00:00:00'),
(486, 'Rajshahi', 'Sirajganj', 'Belkuchi', '5066', '2015-02-03 07:14:17', '0000-00-00 00:00:00'),
(487, 'Rajshahi', 'Sirajganj', 'Chauhali', '5067', '2015-02-03 07:14:17', '0000-00-00 00:00:00'),
(488, 'Rajshahi', 'Sirajganj', 'Enayetpur', '5068', '2015-02-03 07:14:17', '0000-00-00 00:00:00'),
(489, 'Rajshahi', 'Sirajganj', 'Kamarkhanda', '5069', '2015-02-03 07:14:17', '0000-00-00 00:00:00'),
(490, 'Rajshahi', 'Sirajganj', 'Kazipur', '5070', '2015-02-03 07:14:17', '0000-00-00 00:00:00'),
(491, 'Rajshahi', 'Sirajganj', 'Raiganj', '5071', '2015-02-03 07:14:17', '0000-00-00 00:00:00'),
(492, 'Rajshahi', 'Sirajganj', 'Salanga', '5072', '2015-02-03 07:14:17', '0000-00-00 00:00:00'),
(493, 'Rajshahi', 'Sirajganj', 'Shahjadpur', '5073', '2015-02-03 07:14:17', '0000-00-00 00:00:00'),
(494, 'Rajshahi', 'Sirajganj', 'Sirajganj Sadar', '5074', '2015-02-03 07:14:17', '0000-00-00 00:00:00'),
(495, 'Rajshahi', 'Sirajganj', 'Tarash', '5075', '2015-02-03 07:14:17', '0000-00-00 00:00:00'),
(496, 'Rajshahi', 'Sirajganj', 'Ullahpara', '5076', '2015-02-03 07:14:17', '0000-00-00 00:00:00'),
(497, 'Rangpur', 'Dinajpur', 'Biral', '6001', '2015-02-03 07:14:17', '0000-00-00 00:00:00'),
(498, 'Rangpur', 'Dinajpur', 'Birampur', '6002', '2015-02-03 07:14:17', '0000-00-00 00:00:00'),
(499, 'Rangpur', 'Dinajpur', 'Birganj', '6003', '2015-02-03 07:14:17', '0000-00-00 00:00:00'),
(500, 'Rangpur', 'Dinajpur', 'Bochaganj', '6004', '2015-02-03 07:14:17', '0000-00-00 00:00:00'),
(501, 'Rangpur', 'Dinajpur', 'Chirirbandar', '6005', '2015-02-03 07:14:17', '0000-00-00 00:00:00'),
(502, 'Rangpur', 'Dinajpur', 'Dinajpur Sadar', '6006', '2015-02-03 07:14:17', '0000-00-00 00:00:00'),
(503, 'Rangpur', 'Dinajpur', 'Ghoraghat', '6007', '2015-02-03 07:14:17', '0000-00-00 00:00:00'),
(504, 'Rangpur', 'Dinajpur', 'Hakimpur', '6008', '2015-02-03 07:14:17', '0000-00-00 00:00:00'),
(505, 'Rangpur', 'Dinajpur', 'Kaharole', '6009', '2015-02-03 07:14:17', '0000-00-00 00:00:00'),
(506, 'Rangpur', 'Dinajpur', 'Khansama', '6010', '2015-02-03 07:14:17', '0000-00-00 00:00:00'),
(507, 'Rangpur', 'Dinajpur', 'Nawabganj', '6011', '2015-02-03 07:14:17', '0000-00-00 00:00:00'),
(508, 'Rangpur', 'Dinajpur', 'Parbatipur', '6012', '2015-02-03 07:14:17', '0000-00-00 00:00:00'),
(509, 'Rangpur', 'Dinajpur', 'Phulbari', '6013', '2015-02-03 07:14:17', '0000-00-00 00:00:00'),
(510, 'Rangpur', 'Gaibandha', 'Gaibandha Sadar', '6014', '2015-02-03 07:14:17', '0000-00-00 00:00:00'),
(511, 'Rangpur', 'Gaibandha', 'Gobindaganj', '6015', '2015-02-03 07:14:17', '0000-00-00 00:00:00'),
(512, 'Rangpur', 'Gaibandha', 'Palashbari', '6016', '2015-02-03 07:14:17', '0000-00-00 00:00:00'),
(513, 'Rangpur', 'Gaibandha', 'Phulchhari', '6017', '2015-02-03 07:14:17', '0000-00-00 00:00:00'),
(514, 'Rangpur', 'Gaibandha', 'Sadullapur', '6018', '2015-02-03 07:14:17', '0000-00-00 00:00:00'),
(515, 'Rangpur', 'Gaibandha', 'Sughatta', '6019', '2015-02-03 07:14:17', '0000-00-00 00:00:00'),
(516, 'Rangpur', 'Gaibandha', 'Sundarganj', '6020', '2015-02-03 07:14:17', '0000-00-00 00:00:00'),
(517, 'Rangpur', 'Kurigram', 'Bhurungamari', '6021', '2015-02-03 07:14:17', '0000-00-00 00:00:00'),
(518, 'Rangpur', 'Kurigram', 'Char Rajibpur', '6022', '2015-02-03 07:14:17', '0000-00-00 00:00:00'),
(519, 'Rangpur', 'Kurigram', 'Chilmari', '6023', '2015-02-03 07:14:17', '0000-00-00 00:00:00'),
(520, 'Rangpur', 'Kurigram', 'Dushmara', '6024', '2015-02-03 07:14:17', '0000-00-00 00:00:00'),
(521, 'Rangpur', 'Kurigram', 'Kochakata', '6025', '2015-02-03 07:14:17', '0000-00-00 00:00:00'),
(522, 'Rangpur', 'Kurigram', 'Kurigram Sadar', '6026', '2015-02-03 07:14:17', '0000-00-00 00:00:00'),
(523, 'Rangpur', 'Kurigram', 'Nageshwari', '6027', '2015-02-03 07:14:17', '0000-00-00 00:00:00'),
(524, 'Rangpur', 'Kurigram', 'Phulbari', '6028', '2015-02-03 07:14:17', '0000-00-00 00:00:00'),
(525, 'Rangpur', 'Kurigram', 'Rajarhat', '6029', '2015-02-03 07:14:17', '0000-00-00 00:00:00'),
(526, 'Rangpur', 'Kurigram', 'Raomari', '6030', '2015-02-03 07:14:17', '0000-00-00 00:00:00');
INSERT INTO `thana` (`id`, `division`, `district`, `thana_name`, `thana_code`, `created_at`, `updated_at`) VALUES
(527, 'Rangpur', 'Kurigram', 'Ulipur', '6031', '2015-02-03 07:14:17', '0000-00-00 00:00:00'),
(528, 'Rangpur', 'Lalmonirhat', 'Aditmari', '6032', '2015-02-03 07:14:17', '0000-00-00 00:00:00'),
(529, 'Rangpur', 'Lalmonirhat', 'Hatibandha', '6033', '2015-02-03 07:14:17', '0000-00-00 00:00:00'),
(530, 'Rangpur', 'Lalmonirhat', 'Kaliganj', '6034', '2015-02-03 07:14:17', '0000-00-00 00:00:00'),
(531, 'Rangpur', 'Lalmonirhat', 'Lalmonirhat Sad', '6035', '2015-02-03 07:14:17', '0000-00-00 00:00:00'),
(532, 'Rangpur', 'Lalmonirhat', 'Patgram', '6036', '2015-02-03 07:14:17', '0000-00-00 00:00:00'),
(533, 'Rangpur', 'Lalmonirhat', 'Tushvandar', '6037', '2015-02-03 07:14:17', '0000-00-00 00:00:00'),
(534, 'Rangpur', 'Nilphamari', 'Dimla', '6038', '2015-02-03 07:14:17', '0000-00-00 00:00:00'),
(535, 'Rangpur', 'Nilphamari', 'Domar', '6039', '2015-02-03 07:14:17', '0000-00-00 00:00:00'),
(536, 'Rangpur', 'Nilphamari', 'Jaldhaka', '6040', '2015-02-03 07:14:17', '0000-00-00 00:00:00'),
(537, 'Rangpur', 'Nilphamari', 'Kishoreganj', '6041', '2015-02-03 07:14:17', '0000-00-00 00:00:00'),
(538, 'Rangpur', 'Nilphamari', 'Nilphamari Sada', '6042', '2015-02-03 07:14:17', '0000-00-00 00:00:00'),
(539, 'Rangpur', 'Nilphamari', 'Saidpur', '6043', '2015-02-03 07:14:17', '0000-00-00 00:00:00'),
(540, 'Rangpur', 'Panchagarh', 'Atwari', '6044', '2015-02-03 07:14:17', '0000-00-00 00:00:00'),
(541, 'Rangpur', 'Panchagarh', 'Boda', '6045', '2015-02-03 07:14:17', '0000-00-00 00:00:00'),
(542, 'Rangpur', 'Panchagarh', 'Debiganj', '6046', '2015-02-03 07:14:17', '0000-00-00 00:00:00'),
(543, 'Rangpur', 'Panchagarh', 'Panchagarh Sada', '6047', '2015-02-03 07:14:17', '0000-00-00 00:00:00'),
(544, 'Rangpur', 'Panchagarh', 'Tetulia', '6048', '2015-02-03 07:14:17', '0000-00-00 00:00:00'),
(545, 'Rangpur', 'Rangpur', 'Badarganj', '6049', '2015-02-03 07:14:17', '0000-00-00 00:00:00'),
(546, 'Rangpur', 'Rangpur', 'Gangachhara', '6050', '2015-02-03 07:14:17', '0000-00-00 00:00:00'),
(547, 'Rangpur', 'Rangpur', 'Kaunia', '6051', '2015-02-03 07:14:17', '0000-00-00 00:00:00'),
(548, 'Rangpur', 'Rangpur', 'Mithapukur', '6052', '2015-02-03 07:14:17', '0000-00-00 00:00:00'),
(549, 'Rangpur', 'Rangpur', 'Pirgachha', '6053', '2015-02-03 07:14:17', '0000-00-00 00:00:00'),
(550, 'Rangpur', 'Rangpur', 'Pirganj', '6054', '2015-02-03 07:14:17', '0000-00-00 00:00:00'),
(551, 'Rangpur', 'Rangpur', 'Rangpur Sadar', '6055', '2015-02-03 07:14:17', '0000-00-00 00:00:00'),
(552, 'Rangpur', 'Rangpur', 'Taraganj', '6056', '2015-02-03 07:14:17', '0000-00-00 00:00:00'),
(553, 'Rangpur', 'Thakurgaon', 'Baliadangi', '6057', '2015-02-03 07:14:17', '0000-00-00 00:00:00'),
(554, 'Rangpur', 'Thakurgaon', 'Haripur', '6058', '2015-02-03 07:14:17', '0000-00-00 00:00:00'),
(555, 'Rangpur', 'Thakurgaon', 'Pirganj', '6059', '2015-02-03 07:14:17', '0000-00-00 00:00:00'),
(556, 'Rangpur', 'Thakurgaon', 'Ranisankail', '6060', '2015-02-03 07:14:17', '0000-00-00 00:00:00'),
(557, 'Rangpur', 'Thakurgaon', 'Ruhia', '6061', '2015-02-03 07:14:17', '0000-00-00 00:00:00'),
(558, 'Rangpur', 'Thakurgaon', 'Thakurgaon Sada', '6062', '2015-02-03 07:14:17', '0000-00-00 00:00:00'),
(559, 'Sylhet', 'Habiganj', 'Ajmiriganj', '7001', '2015-02-03 07:14:17', '0000-00-00 00:00:00'),
(560, 'Sylhet', 'Habiganj', 'Bahubal', '7002', '2015-02-03 07:14:17', '0000-00-00 00:00:00'),
(561, 'Sylhet', 'Habiganj', 'Baniyachong', '7003', '2015-02-03 07:14:17', '0000-00-00 00:00:00'),
(562, 'Sylhet', 'Habiganj', 'Chunarughat', '7004', '2015-02-03 07:14:17', '0000-00-00 00:00:00'),
(563, 'Sylhet', 'Habiganj', 'Habiganj Sadar', '7005', '2015-02-03 07:14:17', '0000-00-00 00:00:00'),
(564, 'Sylhet', 'Habiganj', 'Lakhai', '7006', '2015-02-03 07:14:17', '0000-00-00 00:00:00'),
(565, 'Sylhet', 'Habiganj', 'Madhabpur', '7007', '2015-02-03 07:14:17', '0000-00-00 00:00:00'),
(566, 'Sylhet', 'Habiganj', 'Nabiganj', '7008', '2015-02-03 07:14:17', '0000-00-00 00:00:00'),
(567, 'Sylhet', 'Habiganj', 'Syestagonj', '7009', '2015-02-03 07:14:17', '0000-00-00 00:00:00'),
(568, 'Sylhet', 'Moulvibazar', 'Barlekha', '7010', '2015-02-03 07:14:17', '0000-00-00 00:00:00'),
(569, 'Sylhet', 'Moulvibazar', 'Juri', '7011', '2015-02-03 07:14:17', '0000-00-00 00:00:00'),
(570, 'Sylhet', 'Moulvibazar', 'Kamalganj', '7012', '2015-02-03 07:14:17', '0000-00-00 00:00:00'),
(571, 'Sylhet', 'Moulvibazar', 'Kulaura', '7013', '2015-02-03 07:14:17', '0000-00-00 00:00:00'),
(572, 'Sylhet', 'Moulvibazar', 'Moulvibazar Sad', '7014', '2015-02-03 07:14:17', '0000-00-00 00:00:00'),
(573, 'Sylhet', 'Moulvibazar', 'Rajnagar', '7015', '2015-02-03 07:14:17', '0000-00-00 00:00:00'),
(574, 'Sylhet', 'Moulvibazar', 'Sreemangal', '7016', '2015-02-03 07:14:17', '0000-00-00 00:00:00'),
(575, 'Sylhet', 'Sunamganj', 'Bishwamvarpur', '7017', '2015-02-03 07:14:17', '0000-00-00 00:00:00'),
(576, 'Sylhet', 'Sunamganj', 'Chhatak', '7018', '2015-02-03 07:14:17', '0000-00-00 00:00:00'),
(577, 'Sylhet', 'Sunamganj', 'Derai', '7019', '2015-02-03 07:14:17', '0000-00-00 00:00:00'),
(578, 'Sylhet', 'Sunamganj', 'Dharampasha', '7020', '2015-02-03 07:14:17', '0000-00-00 00:00:00'),
(579, 'Sylhet', 'Sunamganj', 'Dowarabazar', '7021', '2015-02-03 07:14:17', '0000-00-00 00:00:00'),
(580, 'Sylhet', 'Sunamganj', 'Jagannathpur', '7022', '2015-02-03 07:14:17', '0000-00-00 00:00:00'),
(581, 'Sylhet', 'Sunamganj', 'Jamalganj', '7023', '2015-02-03 07:14:17', '0000-00-00 00:00:00'),
(582, 'Sylhet', 'Sunamganj', 'South Sunamganj', '7024', '2015-02-03 07:14:17', '0000-00-00 00:00:00'),
(583, 'Sylhet', 'Sunamganj', 'Sullah', '7025', '2015-02-03 07:14:17', '0000-00-00 00:00:00'),
(584, 'Sylhet', 'Sunamganj', 'Sunamganj Sadar', '7026', '2015-02-03 07:14:17', '0000-00-00 00:00:00'),
(585, 'Sylhet', 'Sunamganj', 'Tahirpur', '7027', '2015-02-03 07:14:17', '0000-00-00 00:00:00'),
(586, 'Sylhet', 'Sylhet', 'Balaganj', '7028', '2015-02-03 07:14:17', '0000-00-00 00:00:00'),
(587, 'Sylhet', 'Sylhet', 'Beanibazar', '7029', '2015-02-03 07:14:17', '0000-00-00 00:00:00'),
(588, 'Sylhet', 'Sylhet', 'Bishwanath', '7030', '2015-02-03 07:14:17', '0000-00-00 00:00:00'),
(589, 'Sylhet', 'Sylhet', 'Companigonj', '7031', '2015-02-03 07:14:17', '0000-00-00 00:00:00'),
(590, 'Sylhet', 'Sylhet', 'Fenchuganj', '7032', '2015-02-03 07:14:17', '0000-00-00 00:00:00'),
(591, 'Sylhet', 'Sylhet', 'Golapganj', '7033', '2015-02-03 07:14:17', '0000-00-00 00:00:00'),
(592, 'Sylhet', 'Sylhet', 'Gowainghat', '7034', '2015-02-03 07:14:17', '0000-00-00 00:00:00'),
(593, 'Sylhet', 'Sylhet', 'Jafalang', '7035', '2015-02-03 07:14:17', '0000-00-00 00:00:00'),
(594, 'Sylhet', 'Sylhet', 'Jaintiapur', '7036', '2015-02-03 07:14:17', '0000-00-00 00:00:00'),
(595, 'Sylhet', 'Sylhet', 'Kanaighat', '7037', '2015-02-03 07:14:17', '0000-00-00 00:00:00'),
(596, 'Sylhet', 'Sylhet', 'Osmani Nagar', '7038', '2015-02-03 07:14:17', '0000-00-00 00:00:00'),
(597, 'Sylhet', 'Sylhet', 'South Shurma', '7039', '2015-02-03 07:14:17', '0000-00-00 00:00:00'),
(598, 'Sylhet', 'Sylhet', 'Sylhet Sadar', '7040', '2015-02-03 07:14:17', '0000-00-00 00:00:00'),
(599, 'Sylhet', 'Sylhet', 'Zakiganj', '7041', '2015-02-03 07:14:17', '0000-00-00 00:00:00');

-- --------------------------------------------------------

--
-- Table structure for table `users`
--

CREATE TABLE IF NOT EXISTS `users` (
  `id` int(10) unsigned NOT NULL AUTO_INCREMENT,
  `email` varchar(50) COLLATE utf8_unicode_ci NOT NULL,
  `password` varchar(100) COLLATE utf8_unicode_ci NOT NULL,
  `remember_token` varchar(100) COLLATE utf8_unicode_ci NOT NULL,
  `created_at` timestamp NOT NULL DEFAULT CURRENT_TIMESTAMP ON UPDATE CURRENT_TIMESTAMP,
  `updated_at` timestamp NOT NULL DEFAULT '0000-00-00 00:00:00',
  PRIMARY KEY (`id`)
) ENGINE=InnoDB  DEFAULT CHARSET=utf8 COLLATE=utf8_unicode_ci AUTO_INCREMENT=2 ;

--
-- Dumping data for table `users`
--

INSERT INTO `users` (`id`, `email`, `password`, `remember_token`, `created_at`, `updated_at`) VALUES
(1, 'analyzen@gmail.com', '$2y$10$jvo3APzimJkEf6WliZHPyemithWJ7urCtO0KDBOj9xAV2fy1Uwg.S', '5Mfadn3zlSqa57izwobvuPwtl6ghyAJWAegruBACHV9yXwBxhWbvmhlf5kuP', '2015-02-06 10:57:56', '2015-02-06 04:57:56');

/*!40101 SET CHARACTER_SET_CLIENT=@OLD_CHARACTER_SET_CLIENT */;
/*!40101 SET CHARACTER_SET_RESULTS=@OLD_CHARACTER_SET_RESULTS */;
/*!40101 SET COLLATION_CONNECTION=@OLD_COLLATION_CONNECTION */;
